title,authors,status,confidence,spotify_title,spotify_authors,narrators,language,edition,chapters,spotify_id,spotify_url,other_editions,other_languages,title_score,author_matched,newly_found,from_cache,date_added,error
'Art',Yasmina Reza,on_spotify,strong,Art,Yasmina Reza,Bob Balaban; Brian Cox; Jeff Perry,en,Unabridged edition,24,1ExJuxcYKSTKA4pujjH1CV,https://open.spotify.com/show/1ExJuxcYKSTKA4pujjH1CV,,,1.000,yes,,yes,2024-12-25,
'Salem's Lot,Stephen King,on_spotify,strong,'Salem's Lot,Stephen King; Joe Hill,Ron McLarty; Joe Hill,en,Unabridged edition,57,7nhLrT95tJXXIg0XOxhF7p,https://open.spotify.com/show/7nhLrT95tJXXIg0XOxhF7p,1,en,1.000,yes,,yes,2026-02-16,
2666,Roberto Bolaño,on_spotify,strong,2666: A Novel,Roberto Bolaño,Armando Duran; G. Valmont Thomas; Grover Gardner; John Lee; Scott Brick,en,Unabridged edition,45,5Uzng72FNskQCZuBJXAxzy,https://open.spotify.com/show/5Uzng72FNskQCZuBJXAxzy,3,"en, es",1.000,yes,,yes,2024-12-26,
4 3 2 1,Paul Auster,on_spotify,strong,4 3 2 1,Paul Auster,Paul Auster,en,Unabridged edition,31,51CxptrVdDdXxxyHsQMSnJ,https://open.spotify.com/show/51CxptrVdDdXxxyHsQMSnJ,3,"en, de, da",1.000,yes,yes,,2026-01-27,
A Brief History of Seven Killings,Marlon James,on_spotify,strong,A Brief History of Seven Killings,Marlon James,Dwight Bacquie; Multiple Narrators; Johnathan McClain; Cherise Boothe; Robertson Dean; Robert Younis; Ryan Anderson; Thom Rivera,en,Unabridged edition,9,3l1PJvp86x9SDUU5c07cb0,https://open.spotify.com/show/3l1PJvp86x9SDUU5c07cb0,,,1.000,yes,,yes,2024-12-24,
"A City on Mars: Can We Settle Space, Should We Settle Space, and Have We Really Thought This Through?","Zach Weinersmith, Kelly Weinersmith",on_spotify,strong,"A City on Mars: Can We Settle Space, Should We Settle Space, and Have We Really Thought This Through?",Dr. Kelly Weinersmith; Zach Weinersmith,Brittany Pressley; Dr. Kelly Weinersmith; Zach Weinersmith,en,Unabridged edition,38,26TG1AJuMeJsbm0UcvZ5To,https://open.spotify.com/show/26TG1AJuMeJsbm0UcvZ5To,1,en,1.000,yes,yes,,2024-12-25,
A Clergyman's Daughter,George Orwell,on_spotify,strong,The Clergyman's Daughter,George Orwell,Hogan Gaskell,en,Unabridged edition,2,2QNxVEvr08RCJXaKx2cJ8w,https://open.spotify.com/show/2QNxVEvr08RCJXaKx2cJ8w,3,en,1.000,yes,,yes,2024-12-24,
A Fatal Grace,Louise Penny,on_spotify,strong,A Fatal Grace: A Chief Inspector Gamache Novel,Louise Penny,Ralph Cosham,en,Unabridged edition,41,7pbmFWwxm1lR9u0DhMXjAo,https://open.spotify.com/show/7pbmFWwxm1lR9u0DhMXjAo,1,en,0.990,yes,yes,,2024-12-26,
A Hero of Our Time,Mikhail Lermontov,on_spotify,strong,A Hero of Our Time,Mikhail Lermontov,Sebastian Blackwood,en,Unabridged edition,18,099jZ4RCzbQAfV1VsH7M7R,https://open.spotify.com/show/099jZ4RCzbQAfV1VsH7M7R,5,en,1.000,yes,yes,,2024-12-24,
A History of the Middle East,Peter Mansfield,on_spotify,strong,A History of the Middle East,Peter Mansfield,Richard Brown,en,Unabridged edition,16,4gwxswrnT0lLvfoGaKmzRC,https://open.spotify.com/show/4gwxswrnT0lLvfoGaKmzRC,,,1.000,yes,,yes,2025-07-21,
A History of the Muslim World: From Its Origins to the Dawn of Modernity,Michael A. Cook,on_spotify,strong,A History of the Muslim World: From Its Origins to the Dawn of Modernity,Michael A. Cook,Ric Jerrom,en,Unabridged edition,59,3I1TDxp7daWWIJnXb1NTqy,https://open.spotify.com/show/3I1TDxp7daWWIJnXb1NTqy,,,1.000,yes,,yes,2024-12-26,
A Leopard-Skin Hat,Anne Serre,on_spotify,strong,A Leopard-Skin Hat: Shortlisted for the Booker International Prize 2025,Anne Serre,Alisdair Simpson,en,Unabridged edition,17,7rAavz5k7xysjaGXxby7pP,https://open.spotify.com/show/7rAavz5k7xysjaGXxby7pP,,,0.990,yes,,yes,2025-04-28,
A Man Without a Country,Kurt Vonnegut,on_spotify,strong,Man Without a Country,Kurt Vonnegut,Norman Dietz,en,Unabridged edition,16,1ZSKHcAbTyzN5GSotWeewL,https://open.spotify.com/show/1ZSKHcAbTyzN5GSotWeewL,,,1.000,yes,,yes,2025-07-07,
A Master of Djinn,P. Djèlí Clark,on_spotify,strong,A Master of Djinn,P. Djèlí Clark,Suehyla El-Attar,en,Unabridged edition,33,2fB4z9bUUL5HKsg8MK81sH,https://open.spotify.com/show/2fB4z9bUUL5HKsg8MK81sH,1,en,1.000,yes,,yes,2025-04-21,
A Mercy,Toni Morrison,on_spotify,strong,A Mercy,Toni Morrison,Toni Morrison,en,Unabridged edition,99,2IPkw3F5ECMfiCK5hi9A2r,https://open.spotify.com/show/2IPkw3F5ECMfiCK5hi9A2r,,,1.000,yes,yes,,2024-12-26,
A Minor Chorus,Billy-Ray Belcourt,on_spotify,strong,A Minor Chorus: A Novel,Billy-Ray Belcourt,Jesse Nobess,en,Unabridged edition,24,643pcgWfhLSKIdPF0hsRuH,https://open.spotify.com/show/643pcgWfhLSKIdPF0hsRuH,,,1.000,yes,,yes,2024-12-26,
A Passage North,Anuk Arudpragasam,on_spotify,strong,A Passage North: A Novel,Anuk Arudpragasam,Neil Shah,en,Unabridged edition,13,6dPePjFSmuBeB4KNq7Z9m3,https://open.spotify.com/show/6dPePjFSmuBeB4KNq7Z9m3,,,1.000,yes,,yes,2024-12-25,
A Passage to India,E.M. Forster,on_spotify,strong,A Passage to India,E. M. Forster,Sebastian Blackwood,en,Unabridged edition,31,04QfHVoa91ywEd993vIo96,https://open.spotify.com/show/04QfHVoa91ywEd993vIo96,2,en,1.000,yes,,yes,2024-12-25,
A Place For Everything: The Curious History of Alphabetical Order,Judith Flanders,on_spotify,strong,A Place For Everything: The Curious History of Alphabetical Order,Judith Flanders,Julia Winwood,en,Unabridged edition,13,2FK12oHzmy3rczB4ftfQUU,https://open.spotify.com/show/2FK12oHzmy3rczB4ftfQUU,,,1.000,yes,,yes,2024-12-26,
A Portrait of the Artist as a Young Man,James Joyce,on_spotify,strong,A Portrait of the Artist as a Young Man,James Joyce,Peter Bobbe,en,Unabridged edition,19,0DmlH0EM5iQOVAUsqWpaSl,https://open.spotify.com/show/0DmlH0EM5iQOVAUsqWpaSl,7,en,1.000,yes,,yes,2025-03-15,
A Room of One's Own,Virginia Woolf,on_spotify,strong,A Room of One's Own,Virginia Woolf,Sara Nichols,en,Unabridged edition,10,1Vl2VM0ljrEQLP6kOTd0S6,https://open.spotify.com/show/1Vl2VM0ljrEQLP6kOTd0S6,4,en,1.000,yes,,yes,2025-01-04,
A Room With a View,E.M. Forster,on_spotify,strong,A Room with a View,E. M. Forster,Steven Crossley,en,Unabridged edition,21,5hgmg74VBnjKehORc6Aant,https://open.spotify.com/show/5hgmg74VBnjKehORc6Aant,2,en,1.000,yes,yes,,2024-12-25,
A Separation,Katie Kitamura,on_spotify,strong,A Separation: A Novel,Katie Kitamura,Katherine Waterston,en,Unabridged edition,16,1NCYnTRFWwEX8mII6zxeFj,https://open.spotify.com/show/1NCYnTRFWwEX8mII6zxeFj,,,1.000,yes,,yes,2025-08-25,
A Short History of the World According to Sheep,Sally Coulthard,on_spotify,strong,A Short History of the World According to Sheep,Sally Coulthard,Karen Cass,en,Unabridged edition,17,2r6jRtADjlfMZMaC3JuXWC,https://open.spotify.com/show/2r6jRtADjlfMZMaC3JuXWC,,,1.000,yes,,yes,2025-08-18,
A Short History of Tomb-Raiding: The Epic Hunt for Egypt's Treasures,Maria Golia,on_spotify,strong,A Short History of Tomb-Raiding: The Epic Hunt for Egypt’s Treasures,Maria Golia,Mike Cooper,en,Unabridged edition,13,7mWBAzSHxiX7Bar5AhSESx,https://open.spotify.com/show/7mWBAzSHxiX7Bar5AhSESx,,,1.000,yes,,yes,2024-12-25,
A Strangeness in My Mind,Orhan Pamuk,on_spotify,strong,A Strangeness in My Mind: A novel,Orhan Pamuk,John Lee,en,Unabridged edition,180,4ytW05t5Ngm0iq0UgyKNCS,https://open.spotify.com/show/4ytW05t5Ngm0iq0UgyKNCS,1,en,1.000,yes,,yes,2024-12-26,
A Sunny Place for Shady People: Stories,Mariana Enríquez,on_spotify,strong,A Sunny Place for Shady People: Stories,Mariana Enriquez,Lee Osorio; Annette Amelia Oliveira; Sol Madariaga; Maria Liatis,en,Unabridged edition,16,2LssXkC6Qsp3W9KFX5IxTA,https://open.spotify.com/show/2LssXkC6Qsp3W9KFX5IxTA,,,1.000,yes,yes,,2026-02-16,
A Two-Spirit Journey: The Autobiography of a Lesbian Ojibwa-Cree Elder,Ma-Nee Chacaby,on_spotify,strong,A Two-Spirit Journey: The Autobiography of a Lesbian Ojibwa-Cree Elder,Ma-Nee Chacaby; Mary Louisa Plummer,Marsha Knight,en,Unabridged edition,17,1aHAyv7nJvoJHb1n3qpQWL,https://open.spotify.com/show/1aHAyv7nJvoJHb1n3qpQWL,,,1.000,yes,,yes,2024-12-26,
A Very Easy Death,Simone de Beauvoir,on_spotify,strong,A Very Easy Death,Simone de Beauvoir,Hillary Huber,en,Unabridged edition,9,5koAzbIOtz7LspRnKnb28n,https://open.spotify.com/show/5koAzbIOtz7LspRnKnb28n,,,1.000,yes,,yes,2026-08-31,
A Village in the Third Reich,"Julia Boyd, Angelika Patel",on_spotify,strong,A Village in the Third Reich: How Ordinary Lives Were Transformed by the Rise of Fascism,Julia Boyd; Angelika Patel,Julie Teal,en,Unabridged edition,49,4CO5SM5HJPlWogmwlRMtYB,https://open.spotify.com/show/4CO5SM5HJPlWogmwlRMtYB,,,0.990,yes,,yes,2024-12-26,
A Woman Is No Man,Etaf Rum,on_spotify,strong,A Woman is No Man,Etaf Rum,Ariana Delawari; Dahlia Salem; Susan Nesmai,en,Unabridged edition,12,0KOWOSso8btlwptev32Byp,https://open.spotify.com/show/0KOWOSso8btlwptev32Byp,1,en,1.000,yes,,yes,2024-12-26,
"Absalom, Absalom!",William Faulkner,on_spotify,strong,"Absalom, Absalom!",William Faulkner,Grover Gardner,en,Unabridged edition,10,2sDi3ykrlknt9yxFng0YBc,https://open.spotify.com/show/2sDi3ykrlknt9yxFng0YBc,1,de,1.000,yes,,yes,2026-02-07,
Adjustment Day,Chuck Palahniuk,on_spotify,strong,Adjustment Day,Chuck Palahniuk,Christopher Ragland,en,Unabridged edition,23,5zpHjLdZ08X7ww8aICwuZV,https://open.spotify.com/show/5zpHjLdZ08X7ww8aICwuZV,1,en,1.000,yes,yes,,2025-09-10,
Adult Children of Emotionally Immature Parents,Lindsay C. Gibson,on_spotify,strong,"Adult Children of Emotionally Immature Parents: How to Heal from Distant, Rejecting, or Self-Involved Parents","Lindsay C. Gibson, PsyD",Marguerite Gavin,en,Unabridged edition,26,4z4t9Aj7GU7S5DJcmijumf,https://open.spotify.com/show/4z4t9Aj7GU7S5DJcmijumf,,,0.990,yes,,yes,2024-12-26,
Aetherial Worlds: Stories,Tatyana Tolstaya,on_spotify,strong,Aetherial Worlds: Stories,Tatyana Tolstaya,Anya Migdal,en,Unabridged edition,24,1Qb6aMzJpSuQCbyRypsVxX,https://open.spotify.com/show/1Qb6aMzJpSuQCbyRypsVxX,,,1.000,yes,,yes,2024-12-26,
"Aftermath: Life in the Fallout of the Third Reich, 1945–1955",Harald Jähner,on_spotify,strong,"Aftermath: Life in the Fallout of the Third Reich, 1945-1955",Harald Jähner,Rob Shapiro,en,Unabridged edition,19,7KhLcZPQ9md5QZVD3Kj5Rk,https://open.spotify.com/show/7KhLcZPQ9md5QZVD3Kj5Rk,1,en,1.000,yes,yes,,2024-12-25,
Against the Day,Thomas Pynchon,on_spotify,strong,Against the Day,Thomas Pynchon,Dick Hill,en,Unabridged edition,653,0r68lYGelLGAVOLdsMAHed,https://open.spotify.com/show/0r68lYGelLGAVOLdsMAHed,,,1.000,yes,,yes,2024-12-24,
Against the World: Anti-Globalism and Mass Politics Between the World Wars,Tara Zahra,on_spotify,strong,Against the World: Anti-Globalism and Mass Politics Between the World Wars,Tara Zahra,Natasha Soudek,en,Unabridged edition,23,3FLFF8p627dZtmrACovFZ2,https://open.spotify.com/show/3FLFF8p627dZtmrACovFZ2,,,1.000,yes,yes,,2024-12-26,
Age of Vice,Deepti Kapoor,on_spotify,strong,Age of Vice: 'The story is unputdownable . . . This is how it's done when it's done exactly right' Stephen King,Deepti Kapoor,Vidish Athavale,en,Unabridged edition,29,6CwtQZc1H9FWNyR1uNlrL8,https://open.spotify.com/show/6CwtQZc1H9FWNyR1uNlrL8,1,fr,0.990,yes,yes,,2024-12-25,
Alchemised,SenLinYu,on_spotify,strong,Alchemised,SenLinYu,Saskia Maarleveld,en,Unabridged edition,86,5HbxpuQ0bT83UVOIIleTzF,https://open.spotify.com/show/5HbxpuQ0bT83UVOIIleTzF,5,"en, fr, sv, da, de",1.000,yes,,yes,2025-10-18,
Alcools: Poems,Guillaume Apollinaire,on_spotify,strong,Alcools,Guillaume Apollinaire,Christian Olivier,fr,Unabridged edition,42,19gf8dQoEcwM2k3b0kr4OD,https://open.spotify.com/show/19gf8dQoEcwM2k3b0kr4OD,1,fr,0.990,yes,,yes,2024-12-26,
Alexandria: The City that Changed the World,Islam Issa,on_spotify,strong,Alexandria: The City that Changed the World: 'Monumental' – Daily Telegraph,Islam Issa,Islam Issa,en,Unabridged edition,35,4h121Xq7Zn9mOPhcAsI1K9,https://open.spotify.com/show/4h121Xq7Zn9mOPhcAsI1K9,,,0.990,yes,yes,,2024-12-26,
All About Love: New Visions,bell hooks,on_spotify,strong,All About Love: New Visions,bell hooks,January LaVoy,en,Unabridged edition,20,1E1gawDOjC3fMqyjlKgo8L,https://open.spotify.com/show/1E1gawDOjC3fMqyjlKgo8L,,,1.000,yes,,yes,2024-12-26,
All Quiet on the Western Front,Erich Maria Remarque,on_spotify,strong,All Quiet on the Western Front,Erich Maria Remarque,Frank Muller,en,Unabridged edition,15,2wgm453Js9GBwVBQaRsV6s,https://open.spotify.com/show/2wgm453Js9GBwVBQaRsV6s,7,en,1.000,yes,,yes,2024-12-25,
All Systems Red,Martha Wells,on_spotify,strong,All Systems Red,Martha Wells,Kevin R. Free,en,Unabridged edition,19,05qW4V3LF65Gp82ykbg5QU,https://open.spotify.com/show/05qW4V3LF65Gp82ykbg5QU,3,"en, sv, nl",1.000,yes,,yes,2025-03-31,
All the Conspirators,Christopher Isherwood,on_spotify,strong,All the Conspirators,Christopher Isherwood,Nicholas Burns,en,Unabridged edition,22,1YmAZdIJg8fLzkLwNhf76o,https://open.spotify.com/show/1YmAZdIJg8fLzkLwNhf76o,,,1.000,yes,yes,,2025-04-10,
All the Lovers in the Night,Mieko Kawakami,on_spotify,strong,All the Lovers in the Night,Mieko Kawakami,Mirai Booth-Ong,en,Unabridged edition,17,6toqLoCsKiDMS7Cs5AgrRW,https://open.spotify.com/show/6toqLoCsKiDMS7Cs5AgrRW,,,1.000,yes,yes,,2025-03-09,
All We Shall Know,Donal Ryan,on_spotify,strong,All We Shall Know: A Novel,Donal Ryan,Sonya Macari,en,Unabridged edition,62,6P3rKhvDYdxfKlzSVRjHdP,https://open.spotify.com/show/6P3rKhvDYdxfKlzSVRjHdP,,,1.000,yes,,yes,2026-07-21,
America Is Not the Heart,Elaine Castillo,on_spotify,strong,America Is Not the Heart: A Novel,Elaine Castillo,Donnabella Mortel,en,Unabridged edition,29,4f8mv9LjWRmCs1o4qbiOw4,https://open.spotify.com/show/4f8mv9LjWRmCs1o4qbiOw4,,,1.000,yes,,yes,2024-12-26,
American Psycho,Bret Easton Ellis,on_spotify,strong,American Psycho,Bret Easton Ellis,Nick Landrum,en,Unabridged edition,63,7jxgcFEDaC3zfH7CydPwBJ,https://open.spotify.com/show/7jxgcFEDaC3zfH7CydPwBJ,3,"de, fr",1.000,yes,,yes,2024-12-26,
American War,Omar El Akkad,on_spotify,strong,American War: A novel,Omar El Akkad,Dion Graham,en,Unabridged edition,21,7hFWipptlw3LPtZJ7u3t8c,https://open.spotify.com/show/7hFWipptlw3LPtZJ7u3t8c,1,en,1.000,yes,,yes,2026-04-10,
"An Elephant in My Kitchen: What the Herd Taught Me about Love, Courage and Survival","Katja Willemsen, Françoise Malby-Anthony",on_spotify,strong,"An Elephant in My Kitchen: What the Herd Taught Me about Love, Courage and Survival",Françoise Malby-Anthony; Katja Willemsen,Roshina Ratnam,en,Unabridged edition,32,7ql39NTiNynOTSjVTAqYgI,https://open.spotify.com/show/7ql39NTiNynOTSjVTAqYgI,,,1.000,yes,,yes,2025-02-24,
An Indigenous Peoples' History of the United States,Roxanne Dunbar-Ortiz,on_spotify,strong,An Indigenous Peoples' History of the United States,Roxanne Dunbar-Ortiz,Shaun Taylor-Corbett,en,Unabridged edition,18,2RCRUQGghcLbyfhwFae5YU,https://open.spotify.com/show/2RCRUQGghcLbyfhwFae5YU,,,1.000,yes,yes,,2024-12-26,
An Unravelling,Elske Rahill,on_spotify,strong,An Unravelling,Elske Rahill,Marion O’Dwyer,en,Unabridged edition,74,2KhoMbTyw7zQMd9cVHPZ01,https://open.spotify.com/show/2KhoMbTyw7zQMd9cVHPZ01,,,1.000,yes,,yes,2024-12-26,
"Anansi's Gold: The Man Who Looted the West, Outfoxed Washington, and Swindled the World",Yepoka Yeebo,on_spotify,strong,"Anansi's Gold: The Man Who Looted the West, Outfoxed Washington, and Swindled the World",Yepoka Yeebo,Jude Owusu,en,Unabridged edition,29,278larcxk4u5oDTd9LaMaK,https://open.spotify.com/show/278larcxk4u5oDTd9LaMaK,1,en,1.000,yes,,yes,2024-12-26,
Anatomy of a Disappearance,Hisham Matar,on_spotify,strong,Anatomy of a Disappearance: A Novel,Hisham Matar,Khalid Abdalla,en,Unabridged edition,61,2dVIxo152DNsKdHnNHMc8Z,https://open.spotify.com/show/2dVIxo152DNsKdHnNHMc8Z,1,en,1.000,yes,yes,,2026-04-13,
"And the Category Is...: Inside New York's Vogue, House, and Ballroom Community",Ricky Tucker,on_spotify,strong,"And the Category Is.: Inside New York's Vogue, House, and Ballroom Community",Ricky Tucker,Ricky Tucker,en,Unabridged edition,15,5Yd7hufqos7mvB2yHYPE8P,https://open.spotify.com/show/5Yd7hufqos7mvB2yHYPE8P,,,1.000,yes,,yes,2024-12-25,
Angela's Ashes,Frank McCourt,on_spotify,strong,Angela's Ashes,Frank McCourt,Frank McCourt,en,Unabridged edition,25,7CCK1varFL8t9lfjI7gDxn,https://open.spotify.com/show/7CCK1varFL8t9lfjI7gDxn,1,en,1.000,yes,,yes,2024-12-26,
Angels in America,Tony Kushner,on_spotify,strong,Angels in America: A Gay Fantasia on National Themes,Tony Kushner,Andrew Garfield; Nathan Lane; Beth Malone; Bobby Cannavale; Denise Gough; Edie Falco; James McArdle; Lee Pace; Nathan Stewart-Jarrett; Susan Brown,en,Unabridged edition,64,2KoHrMI4FdvYWee4IIM8Tz,https://open.spotify.com/show/2KoHrMI4FdvYWee4IIM8Tz,,,0.990,yes,,yes,2024-12-26,
Animal Life,Auður Ava Ólafsdóttir,on_spotify,strong,Animal Life,Auður Ava Ólafsdóttir,Ann Richardson,en,Unabridged edition,8,45u9JXmqS7EQqemjGurTqH,https://open.spotify.com/show/45u9JXmqS7EQqemjGurTqH,,,1.000,yes,,yes,2025-10-27,
Anna Karenina,Leo Tolstoy,on_spotify,strong,Anna Karenina,Leo Tolstoy; Richard Pevear,Miranda Pleasence,en,Unabridged edition,483,4vy1M2YuE555BexWrarkGk,https://open.spotify.com/show/4vy1M2YuE555BexWrarkGk,5,"en, de",1.000,yes,,yes,2024-12-24,
Another Country,James Baldwin,on_spotify,strong,Another Country,James Baldwin,Dion Graham,en,Unabridged edition,25,5MXAAgkcqxDTsSYwfDpFD3,https://open.spotify.com/show/5MXAAgkcqxDTsSYwfDpFD3,,,1.000,yes,,yes,2024-12-26,
Antelope Woman,Louise Erdrich,on_spotify,strong,Antelope Woman: A Novel,Louise Erdrich,Louise Erdrich,en,Unabridged edition,32,5Bi3flJvdjmOrVQnrAY3ST,https://open.spotify.com/show/5Bi3flJvdjmOrVQnrAY3ST,,,1.000,yes,,yes,2025-09-25,
Anxious People,Fredrik Backman,on_spotify,strong,Anxious People: A Novel,Fredrik Backman,Marin Ireland,en,Unabridged edition,78,3xtJS8syJOxzVRVd19zLDX,https://open.spotify.com/show/3xtJS8syJOxzVRVd19zLDX,1,en,1.000,yes,,yes,2025-10-20,
Arctic Adventure: My Life in the Frozen North,Peter Freuchen,on_spotify,strong,Arctic Adventure: My Life in the Frozen North,Peter Freuchen,Bobby Brill,en,Unabridged edition,64,533QRPX3U2mmPlRXyyQDP9,https://open.spotify.com/show/533QRPX3U2mmPlRXyyQDP9,,,1.000,yes,yes,,2024-12-25,
Art Cure: The Science of How the Arts Transform Our Health,Daisy Fancourt,on_spotify,strong,Art Cure: The Science of How the Arts Transform Our Health - The Sunday Times Bestseller,Daisy Fancourt,Daisy Fancourt,en,Unabridged edition,18,4MQhE5jwRw966foefCfc3B,https://open.spotify.com/show/4MQhE5jwRw966foefCfc3B,,,0.990,yes,,yes,2026-03-29,
As Gods Among Men: A History of the Rich in the West,Guido Alfani,on_spotify,strong,As Gods Among Men: A History of the Rich in the West,Guido Alfani,Peter Noble,en,Unabridged edition,29,2Hr3KLJue9MVTpAzpJm0F3,https://open.spotify.com/show/2Hr3KLJue9MVTpAzpJm0F3,,,1.000,yes,,yes,2024-12-25,
Assembly,Natasha Brown,on_spotify,strong,Assembly: The critically acclaimed debut novel,Natasha Brown,Pippa Bennett-Warner,en,Unabridged edition,7,2U4qCLu04cYsAzgVjCiqv4,https://open.spotify.com/show/2U4qCLu04cYsAzgVjCiqv4,,,0.990,yes,,yes,2026-07-20,
Assyria: The Rise and Fall of the World's First Empire,Eckart Frahm,on_spotify,strong,Assyria: The Rise and Fall of the World's First Empire,Eckart Frahm,Matthew Lloyd Davies,en,Unabridged edition,23,6YEa28FjmpxUnlaaQ9Ubuu,https://open.spotify.com/show/6YEa28FjmpxUnlaaQ9Ubuu,,,1.000,yes,,yes,2024-12-25,
Asylum Road,Olivia Sudjic,on_spotify,strong,Asylum Road,Olivia Sudjic,Helen Keeley,en,Unabridged edition,16,4nIT3WOyS8es1oE5aVG18J,https://open.spotify.com/show/4nIT3WOyS8es1oE5aVG18J,,,1.000,yes,yes,,2024-12-26,
Atlantic Cataclysm: Rethinking the Atlantic Slave Trades,David Eltis,on_spotify,strong,Atlantic Cataclysm: Rethinking the Atlantic Slave Trades,David Eltis,Adam Barr,en,Unabridged edition,21,5WEMf7L9z8uZUd8PmVenoW,https://open.spotify.com/show/5WEMf7L9z8uZUd8PmVenoW,,,1.000,yes,,yes,2025-11-22,
Atomic Habits: An Easy & Proven Way to Build Good Habits & Break Bad Ones,James Clear,on_spotify,strong,Atomic Habits: An Easy & Proven Way to Build Good Habits & Break Bad Ones,James Clear,James Clear,en,Unabridged edition,51,40ygvasZaqVMMBkgYoUy8C,https://open.spotify.com/show/40ygvasZaqVMMBkgYoUy8C,1,en,1.000,yes,,yes,2025-08-29,
August 1914: The Red Wheel 1: A Narrative in Discrete Periods of Time,Aleksandr Solzhenitsyn,on_spotify,strong,August 1914: A Novel,Aleksandr Solzhenitsyn,Rich Miller,en,Unabridged edition,108,2x0I0i88B2eH5d5CeewZAR,https://open.spotify.com/show/2x0I0i88B2eH5d5CeewZAR,,,0.990,yes,yes,,2024-12-26,
August Blue,Deborah Levy,on_spotify,strong,August Blue,Deborah Levy,Alix Dunmore,en,Unabridged edition,36,4TXwwQRHlhU1ywC4Zd952A,https://open.spotify.com/show/4TXwwQRHlhU1ywC4Zd952A,,,1.000,yes,,yes,2026-03-23,
Austerlitz,W.G. Sebald,on_spotify,strong,Austerlitz,W.G. Sebald,Richard Matthews,en,Unabridged edition,133,12UDKeeVstiYaIUxt9EIUC,https://open.spotify.com/show/12UDKeeVstiYaIUxt9EIUC,1,de,1.000,yes,,yes,2024-12-24,
"Autumn in the Heavenly Kingdom: China, the West, and the Epic Story of the Taiping Civil War",Stephen R. Platt,on_spotify,strong,"Autumn in the Heavenly Kingdom: China, the West, and the Epic Story of the Taiping Civil War",Stephen R. Platt,Angela Lin,en,Unabridged edition,20,3Foh98Y4GpLT9KMhOdPepK,https://open.spotify.com/show/3Foh98Y4GpLT9KMhOdPepK,,,1.000,yes,yes,,2025-01-27,
Awakenings,Oliver Sacks,on_spotify,strong,Awakenings,Oliver Sacks,Jonathan Davis; Oliver Sacks,en,Unabridged edition,29,5aVK2VHI7GAkdKFTPgV2Jb,https://open.spotify.com/show/5aVK2VHI7GAkdKFTPgV2Jb,,,1.000,yes,yes,,2024-12-25,
Babylon,Yasmina Reza,on_spotify,strong,Babylon,Yasmina Reza,Maren Kroymann,de,Unabridged edition,77,4VSB2guviQ3InxOjGjRdK6,https://open.spotify.com/show/4VSB2guviQ3InxOjGjRdK6,1,fr,1.000,yes,,yes,2024-12-25,
Bad Habit,Alana S. Portero,on_spotify,strong,Bad Habit: A Novel,Alana S. Portero,Alexandra Grey,en,Unabridged edition,34,44usY9h9zuKxstQvHY14Rh,https://open.spotify.com/show/44usY9h9zuKxstQvHY14Rh,1,en,1.000,yes,yes,,2025-02-24,
Banyan Moon,Thao Thai,on_spotify,strong,Banyan Moon: A Novel,Thao Thai,Cindy Kay; Catherine Ho; Elyse Dinh,en,Unabridged edition,84,3ZDponHJgkMkp6tVNBKlyo,https://open.spotify.com/show/3ZDponHJgkMkp6tVNBKlyo,,,1.000,yes,,yes,2024-12-26,
Beartown,Fredrik Backman,on_spotify,strong,Beartown,Fredrik Backman,Marin Ireland,en,Unabridged edition,53,3MJWZFx3SmhPIwxknUrBq0,https://open.spotify.com/show/3MJWZFx3SmhPIwxknUrBq0,2,"en, es",1.000,yes,,yes,2024-12-26,
Before We Were Trans: A New History of Gender,Kit Heyam,on_spotify,strong,Before We Were Trans: A New History of Gender,Dr Kit Heyam,Dr Kit Heyam,en,Unabridged edition,13,3rmZ9zNedY5QNnRmjGkBZv,https://open.spotify.com/show/3rmZ9zNedY5QNnRmjGkBZv,,,1.000,yes,,yes,2024-12-26,
Behave: The Biology of Humans at Our Best and Worst,Robert M. Sapolsky,on_spotify,strong,Behave: The Biology of Humans at Our Best and Worst,Robert M Sapolsky,Michael Goldstrom,en,Unabridged edition,24,6dFC7AH0BkisOL3OhHRwhq,https://open.spotify.com/show/6dFC7AH0BkisOL3OhHRwhq,1,en,1.000,yes,,yes,2026-02-18,
"Behind the Beautiful Forevers: Life, Death, and Hope in a Mumbai Undercity",Katherine Boo,on_spotify,strong,"Behind the Beautiful Forevers: Life, death, and hope in a Mumbai undercity",Katherine Boo,Sunil Malhotra,en,Unabridged edition,21,4FDxI26EPW42RcEbJNgq3h,https://open.spotify.com/show/4FDxI26EPW42RcEbJNgq3h,,,1.000,yes,,yes,2024-12-26,
Being Mortal,Atul Gawande,on_spotify,strong,Being Mortal: Medicine and What Matters in the End,Atul Gawande,Robert Petkoff,en,Unabridged edition,13,7eKR4yUdLdXbMPdcTEvjBF,https://open.spotify.com/show/7eKR4yUdLdXbMPdcTEvjBF,1,en,0.990,yes,,yes,2026-07-26,
Bel Canto,Ann Patchett,on_spotify,strong,Bel Canto: A Novel,Ann Patchett,Anna Fields,en,Unabridged edition,13,0iD7bRqvYgqDi56vc7Ws52,https://open.spotify.com/show/0iD7bRqvYgqDi56vc7Ws52,1,en,1.000,yes,,yes,2024-12-26,
Bel-Ami,Guy de Maupassant,on_spotify,strong,Bel-Ami,Guy de Maupassant,Benjamin Jungers,fr,Unabridged edition,21,4Q72WHvvGQy4h4rWwl4zhn,https://open.spotify.com/show/4Q72WHvvGQy4h4rWwl4zhn,,,1.000,yes,yes,,2024-12-25,
Beloved,Toni Morrison,on_spotify,strong,Beloved: Pulitzer Prize Winner,Toni Morrison; Honorée Fanonne Jeffers,Toni Morrison; Karen Murray,en,Unabridged edition,144,5kscczLJ7SUZPJRzDr6set,https://open.spotify.com/show/5kscczLJ7SUZPJRzDr6set,,,0.990,yes,yes,,2024-12-24,
Between the World and Me,Ta-Nehisi Coates,on_spotify,strong,Between the World and Me,Ta-Nehisi Coates,Ta-Nehisi Coates,en,Unabridged edition,10,2z3ENf30mr5tgyP6DCmJZS,https://open.spotify.com/show/2z3ENf30mr5tgyP6DCmJZS,,,1.000,yes,,yes,2024-12-26,
Between Us,Mhairi McFarlane,on_spotify,strong,Between Us: A Novel,Mhairi McFarlane,Mira Dovreni,en,Unabridged edition,156,72rSnJ8jTIUbTCmnJkiscT,https://open.spotify.com/show/72rSnJ8jTIUbTCmnJkiscT,1,en,1.000,yes,,yes,2024-12-26,
Black Ghost of Empire: The Long Death of Slavery and the Failure of Emancipation,Kris Manjapra,on_spotify,strong,Black Ghost of Empire: The Long Death of Slavery and the Failure of Emancipation,Kris Manjapra,Robin Miles; Kris Manjapra,en,Unabridged edition,15,3NyQ8jhiP6Fh5JizJyHKlG,https://open.spotify.com/show/3NyQ8jhiP6Fh5JizJyHKlG,,,1.000,yes,,yes,2024-12-25,
Black Ghosts,Noo Saro-Wiwa,on_spotify,strong,Black Ghosts: A Journey Into the Lives of Africans in China,Noo Saro-Wiwa,Noo Saro-Wiwa,en,Unabridged edition,14,0QkgD7S1UqOa0C66UAiA2h,https://open.spotify.com/show/0QkgD7S1UqOa0C66UAiA2h,,,0.990,yes,,yes,2024-12-26,
"Black Wave: Saudi Arabia, Iran, and the Forty-Year Rivalry That Unraveled Culture, Religion, and Collective Memory in the Middle East",Kim Ghattas,on_spotify,strong,"Black Wave: Saudi Arabia, Iran and the Rivalry That Unravelled the Middle East",Kim Ghattas,Kim Ghattas; Nan McNamara,en,Unabridged edition,23,1tdNF24rnJ947PD3kYOX1j,https://open.spotify.com/show/1tdNF24rnJ947PD3kYOX1j,,,0.990,yes,,yes,2026-03-04,
Blessings,Chukwuebuka Ibeh,on_spotify,strong,Blessings: ‘A sublime coming-of-age tale’ Guardian,Chukwuebuka Ibeh,Fejiro Emasiobi; Tariye Peterside,en,Unabridged edition,35,3j0HAKNOIUMYBU5o7jG7kT,https://open.spotify.com/show/3j0HAKNOIUMYBU5o7jG7kT,,,0.990,yes,,yes,2024-12-26,
Blind Injustice: A Former Prosecutor Exposes the Psychology and Politics of Wrongful Convictions,Mark Godsey,on_spotify,strong,Blind Injustice: A Former Prosecutor Exposes the Psychology and Politics of Wrongful Convictions,Mark Godsey,BJ Harrison,en,Unabridged edition,10,4ZFDoAwWun5Q5IWI91Vb65,https://open.spotify.com/show/4ZFDoAwWun5Q5IWI91Vb65,,,1.000,yes,,yes,2024-12-26,
Blood Brothers,Ernst Haffner,on_spotify,strong,Blood Brothers,Ernst Haffner; Michael Hofmann,Michael Page,en,Unabridged,23,7KrxYdXtyQ3eEWyaaoMm7i,https://open.spotify.com/show/7KrxYdXtyQ3eEWyaaoMm7i,,,1.000,yes,,yes,2024-12-25,
Blood on the Snow: The Russian Revolution 1914-1924,Robert Service,on_spotify,strong,Blood on the Snow: The Russian Revolution 1914-1924,Robert Service,Leighton Pugh,en,Unabridged edition,52,3RLEL1gtF4owKEGHKIGo8G,https://open.spotify.com/show/3RLEL1gtF4owKEGHKIGo8G,,,1.000,yes,,yes,2024-12-26,
Blood Orange Night: My Journey to the Edge of Madness,Melissa Bond,on_spotify,strong,Blood Orange Night: My Journey to the Edge of Madness,Melissa Bond,Melissa Bond,en,Unabridged edition,70,1cXpBSFkxcGZ22cApY6crn,https://open.spotify.com/show/1cXpBSFkxcGZ22cApY6crn,,,1.000,yes,yes,,2024-12-26,
Blood Over Bright Haven,M.L. Wang,on_spotify,strong,Blood Over Bright Haven: A Novel,M. L. Wang,Moira Quirk,en,Unabridged edition,48,2kzQguuBQsgQDJ4EtQ2JzX,https://open.spotify.com/show/2kzQguuBQsgQDJ4EtQ2JzX,2,"en, de",1.000,yes,,yes,2025-08-18,
"Blood, Sweat and Tears: A History of Bodily Fluids",Ruben Verwaal,on_spotify,strong,"Blood, Sweat and Tears",Ruben Verwaal,Justin Avoth,en,Unabridged edition,17,3R6uJ4gvu7OHMpeVPazh7h,https://open.spotify.com/show/3R6uJ4gvu7OHMpeVPazh7h,,,0.990,yes,,yes,2026-09-24,
Bonsai,Alejandro Zambra,on_spotify,strong,Bonsai: A Novel,Alejandro Zambra,Gisela Chipe,en,Unabridged edition,28,3trwbbhVZelE2wziLQi3gt,https://open.spotify.com/show/3trwbbhVZelE2wziLQi3gt,,,1.000,yes,yes,,2025-03-11,
"Border Hacker: A Tale of Treachery, Trafficking, and Two Friends on the Run","Axel Kirschner, Axel Kirschner, Levi Vonk, Levi Vonk",on_spotify,strong,"Border Hacker: A Tale of Treachery, Trafficking, and Two Friends on the Run",Levi Vonk,Levi Vonk; Axel Kirschner,en,Unabridged edition,34,3yBHvcVTdSTQ3RLJzdvNie,https://open.spotify.com/show/3yBHvcVTdSTQ3RLJzdvNie,,,1.000,yes,,yes,2024-12-26,
"Born in Blackness: Africa, Africans, and the Making of the Modern World, 1471 to the Second World War",Howard W. French,on_spotify,strong,"Born in Blackness: Africa, Africans, and the Making of the Modern World, 1471 to the Second World War",Howard W. French,James Fouhey,en,Unabridged edition,81,6GpSW6EVzrjg22jPb5keEk,https://open.spotify.com/show/6GpSW6EVzrjg22jPb5keEk,,,1.000,yes,,yes,2024-12-25,
Boy Swallows Universe,Trent Dalton,on_spotify,strong,Boy Swallows Universe: A Novel,Trent Dalton,Stig Wemyss,en,Unabridged edition,31,7gCvcuiTZp19VC2tB6wMH6,https://open.spotify.com/show/7gCvcuiTZp19VC2tB6wMH6,1,en,1.000,yes,yes,,2025-09-08,
Brawler,Lauren Groff,on_spotify,strong,Brawler: Stories,Lauren Groff,Lauren Groff,en,Unabridged edition,14,6QtGvzC9jDznerUmDzj1sM,https://open.spotify.com/show/6QtGvzC9jDznerUmDzj1sM,1,en,0.990,yes,,yes,2026-03-02,
Breasts and Eggs,Mieko Kawakami,on_spotify,strong,Breasts and Eggs,Mieko Kawakami,Emily Woo Zeller; Jeena Yi,en,Unabridged edition,20,7DFqX3ghyonpVFkaHoU089,https://open.spotify.com/show/7DFqX3ghyonpVFkaHoU089,,,1.000,yes,,yes,2025-03-09,
Bring Up the Bodies,Hilary Mantel,on_spotify,strong,Bring Up the Bodies,Hilary Mantel,Ben Miles,en,Unabridged edition,10,179nClOlfKqn4NknrWg0WH,https://open.spotify.com/show/179nClOlfKqn4NknrWg0WH,1,en,1.000,yes,yes,,2024-12-26,
Brotherless Night,V.V. Ganeshananthan,on_spotify,strong,Brotherless Night: A Novel,V. V. Ganeshananthan,Nirmala Rajasingam,en,Unabridged edition,33,1RSffHZg9INoT0gIxPZRvP,https://open.spotify.com/show/1RSffHZg9INoT0gIxPZRvP,1,en,1.000,yes,,yes,2025-02-24,
Brothers,Yu Hua,on_spotify,strong,Brothers,Yu Hua,Louis Changchien,en,Unabridged edition,80,6eqckpFRFkSNiXYsS6wD1B,https://open.spotify.com/show/6eqckpFRFkSNiXYsS6wD1B,,,1.000,yes,yes,,2024-12-25,
Budapest: Portrait of a City Between East and West,"Victor Sebestyen, Victor Sebestyen",on_spotify,strong,Budapest: Between East and West,Victor Sebestyen,Elinor Coleman,en,Unabridged edition,40,5NTx2unCUBcSUttfyVztgk,https://open.spotify.com/show/5NTx2unCUBcSUttfyVztgk,,,0.990,yes,yes,,2024-12-26,
Bullshit Jobs: A Theory,David Graeber,on_spotify,strong,Bullshit Jobs: A Theory,David Graeber,Christopher Ragland,en,Unabridged edition,12,4P0JUUTX4rsZ1gWl1E7oOP,https://open.spotify.com/show/4P0JUUTX4rsZ1gWl1E7oOP,4,"en, de, fr, nl",1.000,yes,,yes,2025-08-31,
Burger's Daughter,Nadine Gordimer,on_spotify,strong,Burger’s Daughter,Nadine Gordimer,Wanda McCaddon,en,Unabridged edition,45,39x5d2d4z1cH8155GgUeJq,https://open.spotify.com/show/39x5d2d4z1cH8155GgUeJq,,,1.000,yes,,yes,2024-12-25,
Burial Rites,Hannah Kent,on_spotify,strong,Burial Rites: The breathtaking historical Icelandic crime thriller,Hannah Kent,Morven Christie,en,Unabridged edition,40,1ltilTaZY7bjkjhNMcn3Cx,https://open.spotify.com/show/1ltilTaZY7bjkjhNMcn3Cx,,,0.990,yes,,yes,2025-01-27,
Burma Sahib,Paul Theroux,on_spotify,strong,"Burma Sahib: A fascinating, historical novel imagining George Orwell's years spent in Burma - from an award-winning writer",Paul Theroux,Charlie Anson,en,Unabridged edition,51,5YfblXSpaMWHWIkCRxjozL,https://open.spotify.com/show/5YfblXSpaMWHWIkCRxjozL,1,en,0.990,yes,,yes,2024-12-25,
Bury Our Bones in the Midnight Soil,V.E. Schwab,on_spotify,strong,Bury Our Bones in the Midnight Soil,V. E. Schwab,Julia Whelan; Katie Leung; Marisa Calin,en,Unabridged edition,108,1ociD17SXsJDbBb7UTcQSg,https://open.spotify.com/show/1ociD17SXsJDbBb7UTcQSg,1,en,1.000,yes,,yes,2025-07-07,
Butter: A Novel of Food and Murder,Asako Yuzuki,on_spotify,strong,Butter: The Cult Japanese Bestseller about a Serial Killer Cook,Asako Yuzuki,Hanako Footman,en,Unabridged edition,24,04ZLiCNzS2XalTTiRflGGI,https://open.spotify.com/show/04ZLiCNzS2XalTTiRflGGI,2,"en, de",0.990,yes,,yes,2024-12-25,
By Hands Now Known: Jim Crow's Legal Executioners,Margaret A. Burnham,on_spotify,strong,By Hands Now Known: Jim Crow's Legal Executioners,Margaret A. Burnham,Diana Blue,en,Unabridged edition,74,4u1X9UkpyUV4NFZyNlhYpz,https://open.spotify.com/show/4u1X9UkpyUV4NFZyNlhYpz,,,1.000,yes,,yes,2024-12-26,
Caledonian Road,Andrew O'Hagan,on_spotify,strong,Caledonian Road: The Sunday Times bestseller,Andrew O'Hagan,Michael Abubakar,en,Unabridged edition,55,3qtJnCTfj1oQXLE6QLQun5,https://open.spotify.com/show/3qtJnCTfj1oQXLE6QLQun5,2,"fr, de",0.990,yes,,yes,2024-12-26,
Call Me By Your Name,André Aciman,on_spotify,strong,Call Me by Your Name: A Novel,André Aciman,Armie Hammer,en,Unabridged edition,9,2UkDQM33UdG8HtiK8pIzDO,https://open.spotify.com/show/2UkDQM33UdG8HtiK8pIzDO,,,1.000,yes,,yes,2025-01-04,
Cannery Row,John Steinbeck,on_spotify,strong,Cannery Row,John Steinbeck,Jerry Farden,en,Unabridged edition,120,5uqGtQpZV7c4bnw0wdy6JG,https://open.spotify.com/show/5uqGtQpZV7c4bnw0wdy6JG,1,en,1.000,yes,,yes,2025-05-29,
Carthage Must Be Destroyed: The Rise and Fall of an Ancient Civilization,Richard Miles,on_spotify,strong,Carthage Must Be Destroyed: The Rise and Fall of an Ancient Civilization,Richard Miles,Grover Gardner,en,Unabridged edition,17,0VvndXPm6bZnNoyLVCi5ZT,https://open.spotify.com/show/0VvndXPm6bZnNoyLVCi5ZT,,,1.000,yes,,yes,2024-12-25,
Carthage: A New History,Eve MacDonald,on_spotify,strong,Carthage: A New History,Eve MacDonald,Eve MacDonald,en,Unabridged edition,15,1cNbBKXpe21CYcd3BREevx,https://open.spotify.com/show/1cNbBKXpe21CYcd3BREevx,1,en,1.000,yes,,yes,2026-01-04,
Case Study,Graeme Macrae Burnet,on_spotify,strong,Case Study,Graeme Macrae Burnet,Serena Manteghi; Graeme Rooney,en,Unabridged edition,14,08IiBC9o4QkSZ43jwyupaH,https://open.spotify.com/show/08IiBC9o4QkSZ43jwyupaH,,,1.000,yes,,yes,2024-12-26,
"Catch-67: The Left, the Right, and the Legacy of the Six-Day War",Micah Goodman,on_spotify,strong,"Catch-67: The Left, the Right, and the Legacy of the Six-Day War",Micah Goodman,Paul Boehmer,en,Unabridged edition,16,3YGq3aM5Rb8MoFBl3wO0vu,https://open.spotify.com/show/3YGq3aM5Rb8MoFBl3wO0vu,,,1.000,yes,yes,,2024-12-25,
Central Asia: A New History from the Imperial Conquests to the Present,Adeeb Khalid,on_spotify,strong,Central Asia: A New History from the Imperial Conquests to the Present,Adeeb Khalid,Aaqil Ahmed,en,Unabridged edition,28,7rFdRvYHMnxlDcnv7MWQe6,https://open.spotify.com/show/7rFdRvYHMnxlDcnv7MWQe6,,,1.000,yes,yes,,2024-12-25,
Chess Story,Stefan Zweig,on_spotify,strong,Chess Story,Stefan Zweig,Daniel Allen,en,Unabridged edition,5,3O1RhKEe4gOUKHMQS6sJAQ,https://open.spotify.com/show/3O1RhKEe4gOUKHMQS6sJAQ,3,en,1.000,yes,,yes,2025-10-13,
Childish Literature,Alejandro Zambra,on_spotify,strong,Childish Literature,Alejandro Zambra,Ben Balmaceda,en,Unabridged edition,19,1kdOZBOzglolAt3ECrSckR,https://open.spotify.com/show/1kdOZBOzglolAt3ECrSckR,,,1.000,yes,yes,,2025-03-11,
Chilean Poet,Alejandro Zambra,on_spotify,strong,Chilean Poet: A Novel,Alejandro Zambra,Gisela Chipe,en,Unabridged edition,53,1Nh9vvUQ86jWhsUV4E7Bjk,https://open.spotify.com/show/1Nh9vvUQ86jWhsUV4E7Bjk,,,1.000,yes,,yes,2025-03-11,
China and Russia: Four Centuries of Conflict and Concord,Philip Snow,on_spotify,strong,China and Russia: Four Centuries of Conflict and Concord,Philip Snow,Michael Page,en,Unabridged edition,35,5OJaeqxcDVrU0bc6yUClw5,https://open.spotify.com/show/5OJaeqxcDVrU0bc6yUClw5,,,1.000,yes,,yes,2024-12-26,
China in Ten Words,Yu Hua,on_spotify,strong,China in Ten Words,Yu Hua,Don Hagen,en,Unabridged edition,14,2qYnu4bqUHHTwm4aWVxGNl,https://open.spotify.com/show/2qYnu4bqUHHTwm4aWVxGNl,,,1.000,yes,,yes,2025-01-27,
Chinaman: The Legend of Pradeep Mathew,Shehan Karunatilaka,on_spotify,strong,Chinaman: From author of Booker Prize 2022 winner The Seven Moons of Maali Almeida,Shehan Karunatilaka,Shivantha Wijesinha,en,Unabridged edition,23,7MawmaZRjdYso5oVwaHEgf,https://open.spotify.com/show/7MawmaZRjdYso5oVwaHEgf,,,0.990,yes,,yes,2024-12-26,
Chlorine,Jade Song,on_spotify,strong,Chlorine: A Novel,Jade Song,Catherine Ho; Imani Parks,en,Unabridged edition,48,1RNby8a4qPdrA2hDreB1h2,https://open.spotify.com/show/1RNby8a4qPdrA2hDreB1h2,1,en,1.000,yes,,yes,2025-02-03,
Choke,Chuck Palahniuk,on_spotify,strong,Choke,Chuck Palahniuk,Chuck Palahniuk,en,Unabridged edition,58,6hS6kuQfrghFSBj9gjV1r2,https://open.spotify.com/show/6hS6kuQfrghFSBj9gjV1r2,,,1.000,yes,yes,,2025-09-10,
Christodora,Tim Murphy,on_spotify,strong,Christodora,Tim Murphy,Cassandra Campbell; Christa Lewis; Kyla Garcia; Prentice Onayemi; Suzanne Elise Freeman; Thom Rivera; Will Damron,en,Unabridged edition,21,2JKtxpEXIEiK8n02ByZNBY,https://open.spotify.com/show/2JKtxpEXIEiK8n02ByZNBY,1,en,1.000,yes,,yes,2026-06-22,
Circe,Madeline Miller,on_spotify,strong,Circe,Madeline Miller,Perdita Weeks,en,Unabridged edition,28,2cAc1LndaT2kD8OqrmHnN3,https://open.spotify.com/show/2cAc1LndaT2kD8OqrmHnN3,1,fr,1.000,yes,,yes,2024-12-25,
Civilization: The West and the Rest,Niall Ferguson,on_spotify,strong,Civilization: The West and the Rest,Niall Ferguson,Niall Ferguson,en,Unabridged edition,34,48bIL4L0ES8v33vQ4xt3kf,https://open.spotify.com/show/48bIL4L0ES8v33vQ4xt3kf,1,es,1.000,yes,,yes,2024-12-25,
Cleopatra and Frankenstein,Coco Mellors,on_spotify,strong,Cleopatra and Frankenstein: ‘This is the hottest new book’ Sunday Times,Coco Mellors,Kit Griffiths,en,Unabridged edition,40,7LzxSJoIrXPVG0Ko8GIrxR,https://open.spotify.com/show/7LzxSJoIrXPVG0Ko8GIrxR,1,de,0.990,yes,,yes,2026-01-29,
Co-Intelligence: Living and Working with AI,Ethan Mollick,on_spotify,strong,Co-Intelligence: Living and Working with AI,Ethan Mollick,Ethan Mollick,en,Unabridged edition,15,1DQCja79oHDSEJ6FCPCkLu,https://open.spotify.com/show/1DQCja79oHDSEJ6FCPCkLu,1,en,1.000,yes,,yes,2025-03-10,
Cobalt Red: How the Blood of the Congo Powers Our Lives,Siddharth Kara,on_spotify,strong,Cobalt Red: How the Blood of the Congo Powers Our Lives,Siddharth Kara,Peter Ganim,en,Unabridged edition,29,0UpLVpiB0PSwDSRCeV7JVn,https://open.spotify.com/show/0UpLVpiB0PSwDSRCeV7JVn,,,1.000,yes,yes,,2024-12-26,
Coffeeland: One Man's Dark Empire and the Making of Our Favorite Drug,Augustine Sedgewick,on_spotify,strong,Coffeeland: One Man's Dark Empire and the Making of Our Favorite Drug,Augustine Sedgewick,Jason Culp,en,Unabridged edition,31,5qngyPKOv5wRiCDHglihaA,https://open.spotify.com/show/5qngyPKOv5wRiCDHglihaA,1,en,1.000,yes,,yes,2024-12-25,
Coming Up Short: A Memoir of My America,Robert B. Reich,on_spotify,strong,Coming Up Short: A Memoir of My America,Robert B. Reich,Robert B. Reich,en,Unabridged edition,81,5wXqZZlgH0nisSqwDAp7ES,https://open.spotify.com/show/5wXqZZlgH0nisSqwDAp7ES,,,1.000,yes,yes,,2025-11-03,
Comment ça va pas ? Conversations après le 7 octobre,Delphine Horvilleur,on_spotify,strong,Comment ça va pas ? - Conversations après le 7 octobre: Suivi d'un entretien avec l'autrice,Delphine Horvilleur,Delphine Horvilleur,fr,Unabridged edition,12,0SvTTWTsNTUCsnRVIisYww,https://open.spotify.com/show/0SvTTWTsNTUCsnRVIisYww,,,0.990,yes,,yes,2024-12-25,
Concerning My Daughter,Kim Hye-jin,on_spotify,strong,Concerning My Daughter,Kim Hye-jin,Minhee Yeo,en,Unabridged edition,35,5op6U2YZisWv7TMDYGkpgC,https://open.spotify.com/show/5op6U2YZisWv7TMDYGkpgC,,,1.000,yes,,yes,2024-12-26,
"Conflict Is Not Abuse: Overstating Harm, Community Responsibility, and the Duty of Repair",Sarah Schulman,on_spotify,strong,"Conflict Is Not Abuse: Overstating Harm, Community Responsibility, and the Duty of Repair",Sarah Schulman,Sarah Schulman,en,Unabridged edition,19,7hXyGBC1vQOeehzNaa9976,https://open.spotify.com/show/7hXyGBC1vQOeehzNaa9976,,,1.000,yes,yes,,2024-12-25,
Consent: A Memoir,Jill Ciment,on_spotify,strong,Consent: A Memoir,Jill Ciment,Eileen Stevens,en,Unabridged edition,36,7rZFIXu3mqPYNb3I5UsFpw,https://open.spotify.com/show/7rZFIXu3mqPYNb3I5UsFpw,,,1.000,yes,,yes,2024-12-26,
Cosmétique de l'ennemi,Amélie Nothomb,on_spotify,strong,Cosmétique de l'ennemi,Amélie Nothomb,Nicolas Charbonneaux,fr,Unabridged edition,5,3yr0q4IGmii4JOjUCNozeY,https://open.spotify.com/show/3yr0q4IGmii4JOjUCNozeY,,,1.000,yes,yes,,2026-07-20,
Crook Manifesto: A Novel,Colson Whitehead,on_spotify,strong,Crook Manifesto: A Novel,Colson Whitehead,Dion Graham,en,Unabridged edition,66,0h12ySuPjGC37CGYRrARBb,https://open.spotify.com/show/0h12ySuPjGC37CGYRrARBb,1,en,1.000,yes,,yes,2024-12-26,
Cutting for Stone,Abraham Verghese,on_spotify,strong,Cutting for Stone: A Novel,Abraham Verghese,Sunil Malhotra,en,Unabridged edition,263,4Kl7t3w8tMS1qSjgSlRpch,https://open.spotify.com/show/4Kl7t3w8tMS1qSjgSlRpch,,,1.000,yes,,yes,2024-12-25,
Data Feminism,"Catherine D'Ignazio, Lauren F. Klein",on_spotify,strong,Data Feminism,Catherine D'Ignazio; Lauren F. Klein,Teri Schnaubelt,en,Unabridged edition,10,4fPN82uA8QDOkhhd866p5M,https://open.spotify.com/show/4fPN82uA8QDOkhhd866p5M,,,1.000,yes,yes,,2024-12-26,
David Copperfield,Charles Dickens,on_spotify,strong,David Copperfield,Charles Dickens,Simon Callow,en,Abridged edition,2,0geCw48uHLKx5RLtrC4O3M,https://open.spotify.com/show/0geCw48uHLKx5RLtrC4O3M,7,"en, de",1.000,yes,yes,,2024-12-25,
"Days of Rage: America's Radical Underground, the FBI, and the First Age of Terror",Bryan Burrough,on_spotify,strong,"Days of Rage: America's Radical Underground, the FBI, and the Forgotten Age of Revolutionary Violence",Bryan Burrough,Ray Porter,en,Unabridged edition,30,6poppctjiTQoQ4AH91k0KH,https://open.spotify.com/show/6poppctjiTQoQ4AH91k0KH,,,0.990,yes,,yes,2025-09-20,
Days Without End,Sebastian Barry,on_spotify,strong,Days Without End,Sebastian Barry,Aidan Kelly,en,Unabridged edition,27,2Yj7mPWVqE9RSiYrHkRji7,https://open.spotify.com/show/2Yj7mPWVqE9RSiYrHkRji7,,,1.000,yes,,yes,2026-06-13,
"Dear Leader: Poet, Spy, Escapee - A Look Inside North Korea",Jang Jin-sung,on_spotify,strong,Dear Leader: North Korea's senior propagandist exposes shocking truths behind the regime,Jang Jin-Sung,Daniel York,en,Unabridged edition,25,7iCdNMPSydQQYNgVTkbJq7,https://open.spotify.com/show/7iCdNMPSydQQYNgVTkbJq7,,,0.990,yes,,yes,2025-09-11,
Death and the Penguin,Andrey Kurkov,on_spotify,strong,Death and the Penguin: A Full-Cast BBC Radio Dramatisation,Andrey Kurkov,Tom Basden; Jason Watkins; Full Cast; David Hounslow; Blythe Arbery; Chloe Sommer,en,Unabridged edition,5,6kRGHAUh0aJSCtTlOabpqR,https://open.spotify.com/show/6kRGHAUh0aJSCtTlOabpqR,,,0.990,yes,yes,,2024-12-24,
Death in the Afternoon,Ernest Hemingway,on_spotify,strong,Death in the Afternoon,Ernest Hemingway,Boyd Gaines,en,Unabridged edition,10,4KLWLSIjtSi2ie9Upi2z82,https://open.spotify.com/show/4KLWLSIjtSi2ie9Upi2z82,,,1.000,yes,,yes,2024-12-24,
Decolonizing Methodologies: Research and Indigenous Peoples,Linda Tuhiwai Smith,on_spotify,strong,Decolonizing Methodologies: Research and Indigenous Peoples: 3rd Edition,Linda Tuhiwai Smith,Ruby Hansen,en,Unabridged edition,21,6ow2yApuaaTqj6g7ILjByG,https://open.spotify.com/show/6ow2yApuaaTqj6g7ILjByG,,,0.990,yes,,yes,2024-12-26,
Deep Cuts,Holly Brickley,on_spotify,strong,Deep Cuts: A Novel,Holly Brickley,Jayme Mattler,en,Unabridged edition,35,2FzANJ5aangY1EvXV3V3Lk,https://open.spotify.com/show/2FzANJ5aangY1EvXV3V3Lk,3,"en, da, de",1.000,yes,,yes,2026-04-29,
Demons,Fyodor Dostoevsky,on_spotify,strong,Demons,Fyodor Dostoevsky,Digital Voice Charles Owen,en,Unabridged edition,32,0OO2CfdnXxzfMfj66x372D,https://open.spotify.com/show/0OO2CfdnXxzfMfj66x372D,,,1.000,yes,,yes,2024-12-24,
"Detransition, Baby",Torrey Peters,on_spotify,strong,"Detransition, Baby",Torrey Peters,Renata Friedman,en,Unabridged edition,31,5ZqvlvJWlfwV0OKKpm4Mk7,https://open.spotify.com/show/5ZqvlvJWlfwV0OKKpm4Mk7,3,"en, de, da",1.000,yes,,yes,2024-12-26,
Diary,Chuck Palahniuk,on_spotify,strong,Diary,Chuck Palahniuk,Martha Plimpton,en,Unabridged edition,76,5dtKe0JABYXNhZEJF9Gxvf,https://open.spotify.com/show/5dtKe0JABYXNhZEJF9Gxvf,,,1.000,yes,,yes,2025-09-10,
"Discontent and Its Civilizations: Dispatches from Lahore, New York, and London",Mohsin Hamid,on_spotify,strong,"Discontent and Its Civilizations: Dispatches from Lahore, New York and London",Mohsin Hamid,Mohsin Hamid,en,Unabridged edition,22,3daopNSrTPVHz28Jxqfqvi,https://open.spotify.com/show/3daopNSrTPVHz28Jxqfqvi,1,en,1.000,yes,,yes,2026-07-28,
Disorientation,Elaine Hsieh Chou,on_spotify,strong,Disorientation: A Novel,Elaine Hsieh Chou,Jennifer Kim,en,Unabridged edition,25,4Nzgey2WOeP6Pip1r6xmnF,https://open.spotify.com/show/4Nzgey2WOeP6Pip1r6xmnF,1,en,1.000,yes,yes,,2026-07-19,
Do Not Say We Have Nothing,Madeleine Thien,on_spotify,strong,Do Not Say We Have Nothing,Madeleine Thien,Angela Lin,en,Unabridged edition,20,3SN7y5FvGg4I8iPw5a0KHI,https://open.spotify.com/show/3SN7y5FvGg4I8iPw5a0KHI,,,1.000,yes,,yes,2024-12-25,
Doing Economics: What You Should Have Learned in Grad School--But Didn't,Marc F Bellemare,on_spotify,strong,Doing Economics: What You Should Have Learned in Grad School―But Didn’t,Marc F. Bellemare,Jeffrey Machado,en,Unabridged edition,15,2xOrqPSHEyQNp4IUiF0J7r,https://open.spotify.com/show/2xOrqPSHEyQNp4IUiF0J7r,,,1.000,yes,,yes,2024-12-26,
Don Quixote,Miguel de Cervantes,on_spotify,strong,Don Quixote,Miguel de Cervantes,Roy McMillan,en,Unabridged edition,570,0m7FJPlTITicLMLtDNyVrc,https://open.spotify.com/show/0m7FJPlTITicLMLtDNyVrc,1,en,1.000,yes,,yes,2024-12-25,
Doppelganger,Naomi Klein,on_spotify,strong,Doppelganger: A Trip Into the Mirror World,Naomi Klein,Naomi Klein,en,Unabridged edition,92,262BTNvVHJqvX6UH67cQdV,https://open.spotify.com/show/262BTNvVHJqvX6UH67cQdV,1,en,0.990,yes,,yes,2025-01-26,
Down There on a Visit,Christopher Isherwood,on_spotify,strong,Down There on a Visit,Christopher Isherwood,Simon Callow,en,Unabridged edition,10,3wqXDlgAxavVOZBABS2nok,https://open.spotify.com/show/3wqXDlgAxavVOZBABS2nok,,,1.000,yes,,yes,2025-04-10,
Dr Jekyll and Mr Hyde,Robert Louis Stevenson,on_spotify,strong,Dr. Jekyll and Mr. Hyde,Robert Louis Stevenson,Ralph Cosham,en,Unabridged edition,25,2UhS658OrhJRuwrIoEFkSI,https://open.spotify.com/show/2UhS658OrhJRuwrIoEFkSI,1,en,1.000,yes,,yes,2024-12-26,
Dreaming in Cuban,Cristina García,on_spotify,strong,Dreaming in Cuban,Cristina García,Frankie Corzo; Marisa Blake; Angel Harper; Anthony Lee Medina,en,Unabridged edition,22,6F0r82fr8tVZon2GmyKQgL,https://open.spotify.com/show/6F0r82fr8tVZon2GmyKQgL,1,es,1.000,yes,,yes,2025-09-22,
East of Eden,John Steinbeck,on_spotify,strong,East of Eden,John Steinbeck,Richard Poe,en,Unabridged edition,114,1b3vMIpxo3gEfBz0fVS8ch,https://open.spotify.com/show/1b3vMIpxo3gEfBz0fVS8ch,1,en,1.000,yes,,yes,2024-12-25,
Edible Economics: A Hungry Economist Explains the World,Ha-Joon Chang,on_spotify,strong,Edible Economics: A Hungry Economist Explains the World,Ha-Joon Chang,Homer Todiwala,en,Unabridged edition,27,565I0WQ1tHQRUwNqB4t9vM,https://open.spotify.com/show/565I0WQ1tHQRUwNqB4t9vM,1,en,1.000,yes,,yes,2024-12-26,
Educated,Tara Westover,on_spotify,strong,Educated: A Memoir,Tara Westover,Julia Whelan,en,Unabridged edition,46,32nu1wUsGTpSTcSgroHJJE,https://open.spotify.com/show/32nu1wUsGTpSTcSgroHJJE,1,en,1.000,yes,,yes,2024-12-25,
Ejaculate Responsibly: A Whole New Way to Think About Abortion,Gabrielle Stanley Blair,on_spotify,strong,Ejaculate Responsibly: A Whole New Way to Think About Abortion,Gabrielle Stanley Blair,Gabrielle Stanley Blair,en,Unabridged edition,36,5YrGELs2fOQVwp7cNrQnh9,https://open.spotify.com/show/5YrGELs2fOQVwp7cNrQnh9,,,1.000,yes,,yes,2024-12-26,
Eleanor Oliphant Is Completely Fine,Gail Honeyman,on_spotify,strong,Eleanor Oliphant is Completely Fine: One of the Most Extraordinary Sunday Times Best Selling Fiction Books of the Last Decade.,Gail Honeyman,Cathleen McCarron,en,Unabridged edition,88,3ldPcKBPhUWmv3vCstxrWO,https://open.spotify.com/show/3ldPcKBPhUWmv3vCstxrWO,,,0.990,yes,,yes,2026-01-05,
Elena Knows,Claudia Piñeiro,on_spotify,strong,Elena Knows,Claudia Piñeiro,Sally Masterson,en,Unabridged edition,23,7aSKqmqz9pucK3WLdaAwva,https://open.spotify.com/show/7aSKqmqz9pucK3WLdaAwva,,,1.000,yes,,yes,2025-01-17,
Elizabeth Is Missing,Emma Healey,on_spotify,strong,Elizabeth is Missing,Emma Healey,Juliet Stevenson,en,Unabridged edition,23,4zBXiSqg8zcW2Qpu1OOv8g,https://open.spotify.com/show/4zBXiSqg8zcW2Qpu1OOv8g,,,1.000,yes,,yes,2024-12-25,
Emotional Intelligence,Daniel Goleman,on_spotify,strong,Emotional Intelligence: Why It Can Matter More Than IQ,Prof. Daniel Goleman Ph.D.,Barrett Whitener,en,Unabridged edition,158,0HUIjWrvriYfyyoppcTUdK,https://open.spotify.com/show/0HUIjWrvriYfyyoppcTUdK,,,0.990,yes,,yes,2024-12-24,
Empire of Pain: The Secret History of the Sackler Dynasty,Patrick Radden Keefe,on_spotify,strong,Empire of Pain: The Secret History of the Sackler Dynasty,Patrick Radden Keefe,Patrick Radden Keefe,en,Unabridged edition,70,3AF0085IetY8d0d6iFMvVe,https://open.spotify.com/show/3AF0085IetY8d0d6iFMvVe,1,en,1.000,yes,,yes,2024-12-25,
Empire of Rubber: Firestone's Scramble for Land and Power in Liberia,Gregg Mitman,on_spotify,strong,Empire of Rubber: Firestone’s Scramble for Land and Power in Liberia,Gregg Mitman,Amir Abdullah,en,Unabridged edition,17,6NYC09OsseufjnoQvQexuu,https://open.spotify.com/show/6NYC09OsseufjnoQvQexuu,,,1.000,yes,,yes,2024-12-26,
"Empire, Incorporated: The Corporations That Built British Colonialism",Philip J. Stern,on_spotify,strong,"Empire, Incorporated: The Corporations That Built British Colonialism",Philip J. Stern,Rick Adamson,en,Unabridged edition,20,1Znc9X1F1brHDcSyUP60C4,https://open.spotify.com/show/1Znc9X1F1brHDcSyUP60C4,,,1.000,yes,,yes,2024-12-26,
"Entangled Life: How Fungi Make Our Worlds, Change Our Minds & Shape Our Futures",Merlin Sheldrake,on_spotify,strong,"Entangled Life: How Fungi Make Our Worlds, Change Our Minds and Shape Our Futures",Merlin Sheldrake,Merlin Sheldrake,en,Unabridged edition,25,66EVcJBFx18bOZvJzeuPAx,https://open.spotify.com/show/66EVcJBFx18bOZvJzeuPAx,1,en,1.000,yes,,yes,2026-07-21,
Enter Ghost,Isabella Hammad,on_spotify,strong,Enter Ghost: Shortlisted for the Women’s Prize for Fiction 2024,Isabella Hammad,Nadia Albina,en,Unabridged edition,20,77sPFxroSMWH5hMgYuYoz1,https://open.spotify.com/show/77sPFxroSMWH5hMgYuYoz1,,,0.990,yes,,yes,2024-12-25,
Etna,Paul Yoon,on_spotify,strong,Etna: A Novel,Paul Yoon,Shrader Thomas,en,Unabridged edition,11,5Ntv8iLnc8wuk0vp6CEikV,https://open.spotify.com/show/5Ntv8iLnc8wuk0vp6CEikV,1,en,1.000,yes,,yes,2026-08-07,
Fair Play,Tove Jansson,on_spotify,strong,Fair Play,Tove Jansson,Emma D'Arcy,en,Unabridged edition,20,4InsJDK0HkbmQSSfmc7tHJ,https://open.spotify.com/show/4InsJDK0HkbmQSSfmc7tHJ,,,1.000,yes,,yes,2024-12-26,
Fake Accounts,Lauren Oyler,on_spotify,strong,Fake Accounts,Lauren Oyler,Rebecca Lowman,en,Unabridged edition,15,4oqNWaN2TnzY74WYq0Wk2G,https://open.spotify.com/show/4oqNWaN2TnzY74WYq0Wk2G,1,en,1.000,yes,yes,,2026-09-17,
Fall of Civilizations: Stories of Greatness and Decline,Paul Cooper,on_spotify,strong,Fall of Civilizations: Stories of Greatness and Decline,Paul Cooper,Paul Cooper,en,Unabridged edition,28,4bMPHJlZ6XgwSudyup5Lrk,https://open.spotify.com/show/4bMPHJlZ6XgwSudyup5Lrk,1,en,1.000,yes,,yes,2024-12-26,
Family Lexicon,Natalia Ginzburg,on_spotify,strong,Family Lexicon,Natalia Ginzburg; Peg Boyers,Suzanne Toren,en,Unabridged edition,18,5EujBZhrNxdGser51MRr2b,https://open.spotify.com/show/5EujBZhrNxdGser51MRr2b,,,1.000,yes,,yes,2025-08-18,
Family Meal,Bryan Washington,on_spotify,strong,Family Meal: A Novel,Bryan Washington,André Santana; Bryan Washington; Jake Choi,en,Unabridged edition,14,47oQrxEEtIZeRI79Lo5Rqh,https://open.spotify.com/show/47oQrxEEtIZeRI79Lo5Rqh,,,1.000,yes,,yes,2025-08-30,
"Far from the Tree: Parents, Children, and the Search for Identity",Andrew Solomon,on_spotify,strong,"Far From the Tree: Parents, Children and the Search for Identity",Andrew Solomon,Andrew Solomon,en,Unabridged edition,15,1O7CbvwPRBU1T97IF45Wit,https://open.spotify.com/show/1O7CbvwPRBU1T97IF45Wit,,,1.000,yes,,yes,2026-06-28,
Fatale,Jean-Patrick Manchette,on_spotify,strong,Fatale,Jean-Patrick Manchette,Amrita Acharia,en,Unabridged edition,19,310r9b5aw9meoSqLPwHZqm,https://open.spotify.com/show/310r9b5aw9meoSqLPwHZqm,,,1.000,yes,yes,,2026-05-04,
Fever Beach,Carl Hiaasen,on_spotify,strong,Fever Beach: A Novel,Carl Hiaasen,Will Damron,en,Unabridged edition,31,3XWLFSZ4xeSE9f2xEf1zRl,https://open.spotify.com/show/3XWLFSZ4xeSE9f2xEf1zRl,1,en,1.000,yes,,yes,2025-08-17,
Fight Club,Chuck Palahniuk,on_spotify,strong,Fight Club,Chuck Palahniuk,Jim Colby,en,Unabridged edition,33,1yZWBx4IxoxEXN6dHUQFdD,https://open.spotify.com/show/1yZWBx4IxoxEXN6dHUQFdD,1,de,1.000,yes,,yes,2025-09-10,
Fight Like Hell: The Untold History of American Labor,Kim Kelly,on_spotify,strong,Fight Like Hell: The Untold History of American Labor,Kim Kelly,Em Grosland,en,Unabridged edition,35,1aL0xi3bUQqzRNMaW1a3LS,https://open.spotify.com/show/1aL0xi3bUQqzRNMaW1a3LS,,,1.000,yes,,yes,2024-12-26,
Finzioni,Jorge Luis Borges,on_spotify,strong,Finzioni,Jorge Luis Borges,Massimo De Lorenzo,it,Unabridged edition,31,4OJqVnXm9e9dLWoIWIHAdY,https://open.spotify.com/show/4OJqVnXm9e9dLWoIWIHAdY,,,1.000,yes,,yes,2026-08-14,
Fire in the Blood,Irène Némirovsky,on_spotify,strong,Fire in the Blood,Irene Nemirovsky,Mark Bramhall,en,Unabridged edition,52,384u0TyGOugSMQykr7Nqpb,https://open.spotify.com/show/384u0TyGOugSMQykr7Nqpb,,,1.000,yes,,yes,2024-12-24,
Fire Rush,Jacqueline Crooks,on_spotify,strong,Fire Rush: A Novel,Jacqueline Crooks,Leonie Elliot,en,Unabridged edition,37,1GUFF2KVKFq0OoGMRNuCrp,https://open.spotify.com/show/1GUFF2KVKFq0OoGMRNuCrp,1,en,1.000,yes,,yes,2025-02-03,
Fire Shut Up in My Bones,Charles M. Blow,on_spotify,strong,"Fire Shut Up in My Bones: A Pioneering Journalist's Memoir of Boyhood, Sexual Abuse, and Redemption in Louisiana",Charles M. Blow,Leon Nixon,en,Unabridged edition,21,0FHYdegqnzg0AiXzByBDqc,https://open.spotify.com/show/0FHYdegqnzg0AiXzByBDqc,,,0.990,yes,,yes,2024-12-26,
First Person Singular,Haruki Murakami,on_spotify,strong,First Person Singular: Stories,Haruki Murakami,Kotaro Watanabe,en,Unabridged edition,11,7HUncFLSke1dYECJwkR0Le,https://open.spotify.com/show/7HUncFLSke1dYECJwkR0Le,1,en,0.990,yes,,yes,2024-12-24,
Flashlight,Susan Choi,on_spotify,strong,Flashlight: A Novel,Susan Choi,Eunice Wong,en,Unabridged edition,32,6YYnltddvxZGar14ApHwiP,https://open.spotify.com/show/6YYnltddvxZGar14ApHwiP,1,en,1.000,yes,,yes,2025-10-20,
Flowers for Algernon,Daniel Keyes,on_spotify,strong,Flowers For Algernon: The must-read literary science fiction masterpiece,Daniel Keyes,Adam Sims,en,Unabridged edition,39,1hNs5SYq1kAOT0UhuNiVvp,https://open.spotify.com/show/1hNs5SYq1kAOT0UhuNiVvp,,,0.990,yes,,yes,2024-12-25,
Flowers of Fire,Hawon Jung,on_spotify,strong,Flowers of Fire: The Inside Story of South Korea's Feminist Movement and What It Means for Women's Rights Worldwide,Hawon Jung,Kathleen Li,en,Unabridged edition,138,0onr9dKquKG0RJZtjNu6nK,https://open.spotify.com/show/0onr9dKquKG0RJZtjNu6nK,,,0.990,yes,,yes,2025-05-03,
Follow the Money: How Much Does Britain Cost?,Paul Johnson,on_spotify,strong,Follow the Money: 'Gripping and horrifying... witty and brilliant. Buy it' The Times,Paul Johnson,Rich Keeble,en,Unabridged edition,14,7M0cTxzCRyc1CS7den0k1J,https://open.spotify.com/show/7M0cTxzCRyc1CS7den0k1J,,,0.990,yes,,yes,2024-12-26,
Four Lost Cities: A Secret History of the Urban Age,Annalee Newitz,on_spotify,strong,Four Lost Cities: A Secret History of the Urban Age,Annalee Newitz,Chloe Cannon,en,Unabridged edition,16,2zmYkFL48VysGmIEvMK3NK,https://open.spotify.com/show/2zmYkFL48VysGmIEvMK3NK,,,1.000,yes,yes,,2024-12-25,
Frankissstein,Jeanette Winterson,on_spotify,strong,Frankissstein: A Love Story,Jeanette Winterson,John Sackville; Perdita Weeks; Harrison Knights,en,Unabridged edition,25,6NDVuDpJw2hxmHmScy7NGI,https://open.spotify.com/show/6NDVuDpJw2hxmHmScy7NGI,1,en,0.990,yes,,yes,2024-12-26,
Frederick Douglass: Prophet of Freedom,David W. Blight,on_spotify,strong,Frederick Douglass: Prophet of Freedom,David W. Blight,Prentice Onayemi,en,Unabridged,70,5a83lmMuQO9oLTFAuG5h8p,https://open.spotify.com/show/5a83lmMuQO9oLTFAuG5h8p,,,1.000,yes,yes,,2026-06-28,
Free Market: The History of an Idea,Jacob Soll,on_spotify,strong,Free Market: The History of an Idea,Jacob Soll,Craig Van Ness,en,Unabridged edition,23,6dDjf64P5u19nEcrC34b3p,https://open.spotify.com/show/6dDjf64P5u19nEcrC34b3p,,,1.000,yes,,yes,2024-12-25,
Fresh Complaint,Jeffrey Eugenides,on_spotify,strong,Fresh Complaint,Jeffrey Eugenides,Jeffrey Eugenides; Ari Fliakos; Cynthia Nixon,en,Unabridged edition,14,0sA9I07BwXMaYrwjuqjUHM,https://open.spotify.com/show/0sA9I07BwXMaYrwjuqjUHM,1,en,1.000,yes,,yes,2024-12-26,
From a Low and Quiet Sea,Donal Ryan,on_spotify,strong,From a Low and Quiet Sea: From the Number 1 bestselling author of STRANGE FLOWERS,Donal Ryan,Stephen Hogan; Gerry O'Brien; Ramon Tikaram,en,Unabridged edition,12,4dLzK6T4oWl5BrkYjh27PW,https://open.spotify.com/show/4dLzK6T4oWl5BrkYjh27PW,,,0.990,yes,yes,,2026-07-21,
"From the Ashes: My Story of Being Métis, Homeless, and Finding My Way",Jesse Thistle,on_spotify,strong,"From the Ashes: My Story of Being Métis, Homeless, and Finding My Way",Jesse Thistle,Jesse Thistle,en,Unabridged edition,101,3fvweN5W50gvv4L7FWbkON,https://open.spotify.com/show/3fvweN5W50gvv4L7FWbkON,1,en,1.000,yes,,yes,2024-12-26,
Fruit Fly,Josh Silver,on_spotify,strong,Fruit Fly,Josh Silver,Camilla Rockley; Jack Ayres,en,Unabridged edition,68,4F0NuClrsCdxXKBOcK3pEK,https://open.spotify.com/show/4F0NuClrsCdxXKBOcK3pEK,,,1.000,yes,,yes,2026-07-29,
Fully Automated Luxury Communism: A Manifesto,Aaron Bastani,on_spotify,strong,Fully Automated Luxury Communism,Aaron Bastani,Shaun Grindell,en,Unabridged edition,14,014JB9Rqe5w9Kl3SwhAuCk,https://open.spotify.com/show/014JB9Rqe5w9Kl3SwhAuCk,,,0.990,yes,,yes,2025-03-25,
Future Home of the Living God,Louise Erdrich,on_spotify,strong,Future Home of the Living God: A Novel,Louise Erdrich,Louise Erdrich,en,Unabridged edition,66,6LRiQ6WFMiGwwO4vZ8wEmO,https://open.spotify.com/show/6LRiQ6WFMiGwwO4vZ8wEmO,,,1.000,yes,,yes,2025-09-25,
Gabriel's Moon,William Boyd,on_spotify,strong,"Gabriel's Moon: The thrilling first novel in the acclaimed espionage series, from the Sunday Times bestselling author",William Boyd,George Blagden,en,Unabridged edition,35,1znHGMNv1Vpy92YW29c9L9,https://open.spotify.com/show/1znHGMNv1Vpy92YW29c9L9,,,0.990,yes,,yes,2025-06-09,
Galápagos,Kurt Vonnegut,on_spotify,strong,Galapagos: A Novel,Kurt Vonnegut,Jonathan Davis,en,Unabridged edition,55,5mYCFIYSdfpDpKMpIVzmA2,https://open.spotify.com/show/5mYCFIYSdfpDpKMpIVzmA2,1,de,1.000,yes,yes,,2025-07-07,
Gay Bar: Why We Went Out,Jeremy Atherton Lin,on_spotify,strong,Gay Bar: Why We Went Out,Jeremy Atherton Lin,Jeremy Atherton Lin,en,Unabridged edition,11,3XVzn98Kaawa8Nzi8MWeMK,https://open.spotify.com/show/3XVzn98Kaawa8Nzi8MWeMK,1,en,1.000,yes,,yes,2024-12-26,
"Geography Is Destiny: Britain's Place in the World: A 10,000-Year History",Ian Morris,on_spotify,strong,"Geography Is Destiny: Britain and the World, a 10,000 Year History",Ian Morris,Matt Bates,en,Unabridged edition,17,067jw8JPrObWlZ5pZZqJDv,https://open.spotify.com/show/067jw8JPrObWlZ5pZZqJDv,,,0.990,yes,yes,,2024-12-26,
"Germany in the World: A Global History, 1500-2000",David Blackbourn,on_spotify,strong,"Germany in the World: A Global History, 1500-2000",David Blackbourn,Peter Noble,en,Unabridged edition,46,0ZCX0kESssD7zmaxPsAZnC,https://open.spotify.com/show/0ZCX0kESssD7zmaxPsAZnC,,,1.000,yes,,yes,2024-12-26,
Ghost Season,Fatin Abbas,on_spotify,strong,Ghost Season: A Novel,Fatin Abbas,Dion Graham; Bahni Turpin,en,Unabridged edition,30,2sr1G6kjrY3IfU8GSlhzT3,https://open.spotify.com/show/2sr1G6kjrY3IfU8GSlhzT3,,,1.000,yes,,yes,2024-12-26,
"Girl, Woman, Other",Bernardine Evaristo,on_spotify,strong,"Girl, Woman, Other",Bernardine Evaristo,Anna-Maria Nabirye,en,Unabridged edition,16,45pQcN3EUTO91F1z7n9JBf,https://open.spotify.com/show/45pQcN3EUTO91F1z7n9JBf,1,en,1.000,yes,,yes,2024-12-25,
Gladius: The World of the Roman Soldier,Guy de la Bédoyère,on_spotify,strong,"Gladius: Living, Fighting and Dying in the Roman Army",Guy de la Bédoyère,Piers Hampton,en,Unabridged edition,19,56cY3Tg4WwPFg7CcQzekWh,https://open.spotify.com/show/56cY3Tg4WwPFg7CcQzekWh,,,0.990,yes,,yes,2024-12-25,
Glory,NoViolet Bulawayo,on_spotify,strong,Glory: A Novel,NoViolet Bulawayo,Chipo Chung,en,Unabridged edition,26,7M40YTexpq2azYP9KHqIrl,https://open.spotify.com/show/7M40YTexpq2azYP9KHqIrl,1,en,1.000,yes,,yes,2024-12-26,
Glyph,Ali Smith,on_spotify,strong,"Glyph: The playful, bold novel from the award-winning author of Gliff",Ali Smith,Lesley Sharp,en,Unabridged edition,49,60vZzOMeHdUy5NknQfmEh8,https://open.spotify.com/show/60vZzOMeHdUy5NknQfmEh8,,,0.990,yes,yes,,2026-03-09,
"God Bless You, Mr. Rosewater",Kurt Vonnegut,on_spotify,strong,"God Bless You, Mr. Rosewater: A Novel",Kurt Vonnegut,Eric Michael Summerer,en,Unabridged edition,17,3XeRKUwah1xuzBTHS8CrzM,https://open.spotify.com/show/3XeRKUwah1xuzBTHS8CrzM,,,1.000,yes,,yes,2025-07-07,
Good Economics for Hard Times: Better Answers to Our Biggest Problems,"Esther Duflo, Abhijit V. Banerjee",on_spotify,strong,Good Economics for Hard Times: Better Answers to Our Biggest Problems,Abhijit V. Banerjee; Esther Duflo,James Lurie,en,Unabridged edition,21,158JoB7XSASHBHYA3UfhyP,https://open.spotify.com/show/158JoB7XSASHBHYA3UfhyP,,,1.000,yes,yes,,2024-12-26,
"Good Morning, Midnight",Lily Brooks-Dalton,on_spotify,strong,"Good Morning, Midnight: A Novel",Lily Brooks-Dalton,John H. Mayer; Hillary Huber,en,Unabridged edition,80,66qd1ONYhxN1TkO7o1V1tV,https://open.spotify.com/show/66qd1ONYhxN1TkO7o1V1tV,1,en,1.000,yes,,yes,2024-12-26,
"Good Morning, Monster: A Therapist Shares Five Heroic Stories of Emotional Recovery",Catherine Gildiner,on_spotify,strong,"Good Morning, Monster: Four Heroic Journeys to Recovery",Catherine Gildiner,Deborah Burgess,en,Unabridged edition,36,0dHNv9q3UjNOxfjBSjKd8W,https://open.spotify.com/show/0dHNv9q3UjNOxfjBSjKd8W,1,en,0.990,yes,,yes,2025-03-31,
Good People,Patmeena Sabit,on_spotify,strong,Good People: A Novel,Patmeena Sabit,Full Cast,en,Unabridged edition,215,5NYZlKBJLwIKBlQ3Wcmlnu,https://open.spotify.com/show/5NYZlKBJLwIKBlQ3Wcmlnu,1,en,1.000,yes,,yes,2026-04-27,
"Goodbye, Eastern Europe: An Intimate History of a Divided Land",Jacob Mikanowski,on_spotify,strong,"Goodbye, Eastern Europe: An Intimate History of a Divided Land",Jacob Mikanowski,Jacob Mikanowski,en,Unabridged edition,20,7x2BRkCZG1Zw7t99kMLWBL,https://open.spotify.com/show/7x2BRkCZG1Zw7t99kMLWBL,,,1.000,yes,,yes,2024-12-26,
Gooseberries,Anton Chekhov,on_spotify,strong,Gooseberries,Anton Chekhov,Ian Turrell,en,Unabridged edition,4,2HwbkRquPottkPM3pHOkFZ,https://open.spotify.com/show/2HwbkRquPottkPM3pHOkFZ,2,en,1.000,yes,yes,,2024-12-25,
Great Expectations,Charles Dickens,on_spotify,strong,Great Expectations,Charles Dickens,Rick Kisner,en,Unabridged edition,62,0CZL5doT0PHWjOywCUKJRq,https://open.spotify.com/show/0CZL5doT0PHWjOywCUKJRq,8,en,1.000,yes,yes,,2024-12-25,
Green Hills of Africa,Ernest Hemingway,on_spotify,strong,Green Hills of Africa,Ernest Hemingway,Josh Lucas,en,Unabridged edition,17,02RaSsIFZPmYvHrUZGYdPQ,https://open.spotify.com/show/02RaSsIFZPmYvHrUZGYdPQ,,,1.000,yes,yes,,2025-01-29,
Greta and Valdin,Rebecca K Reilly,on_spotify,strong,Greta & Valdin: A Novel,Rebecca K Reilly,Natalie Beran; Jackson Bliss; Eilidh Beaton; Nico Evers-Swindell; Gary Furlong,en,Unabridged edition,58,3olpbrnxb8eBvwErISUipS,https://open.spotify.com/show/3olpbrnxb8eBvwErISUipS,1,en,1.000,yes,,yes,2025-10-04,
Grey Bees,Andrey Kurkov,on_spotify,strong,"Grey Bees: A captivating, heartwarming story about a gentle beekeeper caught up in the war in Ukraine",Andrey Kurkov,Andrew Byron,en,Unabridged edition,78,2BblAsTnQLzOYOs1AUROsa,https://open.spotify.com/show/2BblAsTnQLzOYOs1AUROsa,,,0.990,yes,,yes,2024-12-26,
Gym,Verena Keßler,on_spotify,strong,Gym,Verena Keßler,Lisa Hrdina,de,Unabridged edition,75,2WfWqxcpF3xEUXLJq63WEh,https://open.spotify.com/show/2WfWqxcpF3xEUXLJq63WEh,,,1.000,yes,,yes,2026-08-15,
Hadji Murat,Leo Tolstoy,on_spotify,strong,"Hadji Murat: A Gripping Tale of Courage, Betrayal, and Honor - A Modern Translation - Adapted for the Contemporary Reader",Leo Tolstoy,Zeke Ring,en,Unabridged edition,31,40B6LiBfBv9Drd4HiXuXZQ,https://open.spotify.com/show/40B6LiBfBv9Drd4HiXuXZQ,2,en,0.990,yes,,yes,2024-12-26,
Half the Sky: Turning Oppression Into Opportunity for Women Worldwide,"Sheryl WuDunn, Nicholas D. Kristof",on_spotify,strong,Half the Sky: Turning Oppression into Opportunity for Women Worldwide,Nicholas D. Kristof,Cassandra Campbell,en,Unabridged edition,18,39AJwCZY0hgu8OQcweC9VV,https://open.spotify.com/show/39AJwCZY0hgu8OQcweC9VV,1,en,1.000,yes,,yes,2024-12-25,
Half-Breed,Maria Campbell,on_spotify,strong,Halfbreed,Maria Campbell,Maria Campbell,en,Unabridged edition,29,7rR0sAhVIhHREyCIMeXRQL,https://open.spotify.com/show/7rR0sAhVIhHREyCIMeXRQL,,,0.947,yes,,yes,2024-12-26,
Hard Times,Charles Dickens,on_spotify,strong,Hard Times,Charles Dickens,Cyril Taylor-Carr; The Cliff,en,Unabridged edition,23,1HPVOcVsULTgdsXkOPx7MH,https://open.spotify.com/show/1HPVOcVsULTgdsXkOPx7MH,7,en,1.000,yes,yes,,2024-12-25,
Having Spent Life Seeking,Kae Tempest,on_spotify,strong,"Having Spent Life Seeking: The Sunday Times bestselling story of love, second chances and being seen",Kae Tempest,Kae Tempest,en,Unabridged edition,41,6xtP20G7IiDGV1NjvtkRKE,https://open.spotify.com/show/6xtP20G7IiDGV1NjvtkRKE,,,0.990,yes,,yes,2026-04-13,
Heretics of Dune,Frank Herbert,on_spotify,strong,Heretics of Dune: Book Five in the Dune Chronicles,Frank Herbert,Simon Vance,en,Unabridged edition,365,0g6GRLM7bmcjj5svbkYsln,https://open.spotify.com/show/0g6GRLM7bmcjj5svbkYsln,,,0.990,yes,,yes,2024-12-24,
Hexes of the Deadwood Forest,Agnieszka Szpila,on_spotify,strong,Hexes of the Deadwood Forest: A Novel,Agnieszka Szpila,Gabra Zackman,en,Unabridged edition,57,3Ud2dQ8lW6bpxi8Guw3WoW,https://open.spotify.com/show/3Ud2dQ8lW6bpxi8Guw3WoW,,,1.000,yes,,yes,2026-08-31,
High on Life: How to naturally harness the power of six key hormones and revolutionise yourself,David JP Phillips,on_spotify,strong,High on Life: How to naturally harness the power of six key hormones and revolutionise yourself,David JP Phillips,David JP Phillips,en,Unabridged edition,16,6DizBh3q5WKPXNGYKjiZu2,https://open.spotify.com/show/6DizBh3q5WKPXNGYKjiZu2,2,"nl, de",1.000,yes,,yes,2025-10-04,
Hiroshima,John Hersey,on_spotify,strong,Hiroshima,John Hersey,George Guidall,en,Unabridged edition,8,603XQiyTOKGJoMMaKDtxwG,https://open.spotify.com/show/603XQiyTOKGJoMMaKDtxwG,5,"en, es, pt",1.000,yes,,yes,2026-08-06,
Holly,Stephen King,on_spotify,strong,Holly,Stephen King,Justine Lupe; Stephen King,en,Unabridged edition,398,2vdcbkv922jzSFrowHUYDc,https://open.spotify.com/show/2vdcbkv922jzSFrowHUYDc,2,"sv, de",1.000,yes,,yes,2025-08-04,
Home,Marilynne Robinson,on_spotify,strong,Home (Oprah's Book Club): A Novel,Marilynne Robinson,Maggi-Meg Reed,en,Unabridged edition,24,6snTReVJA1CbZxqQ0OR8mA,https://open.spotify.com/show/6snTReVJA1CbZxqQ0OR8mA,1,en,1.000,yes,,yes,2026-08-27,
Hot Milk,Deborah Levy,on_spotify,strong,Hot Milk: Now a major motion picture starring Emma Mackey and Fiona Shaw,Deborah Levy,Romola Garai,en,Unabridged edition,33,1XdFlARJ1NBx4T6v8keqCA,https://open.spotify.com/show/1XdFlARJ1NBx4T6v8keqCA,1,fr,0.990,yes,,yes,2024-12-26,
How Beautiful We Were,Imbolo Mbue,on_spotify,strong,How Beautiful We Were: A Novel,Imbolo Mbue,Prentice Onayemi; Janina Edwards; Dion Graham; JD Jackson; Allyson Johnson; Lisa Renee Pitts,en,Unabridged edition,13,6SiAsHtXpvrDL2WhQR605S,https://open.spotify.com/show/6SiAsHtXpvrDL2WhQR605S,,,1.000,yes,,yes,2024-12-25,
How Big Things Get Done,"Dan Gardner, Bent Flyvbjerg",on_spotify,strong,"How Big Things Get Done: The Surprising Factors Behind Every Successful Project, from Home Renovations to Space Exploration",Professor Bent Flyvbjerg; Dan Gardner,Rob Shapiro,en,Unabridged edition,28,6ilETx4zku1yZkPN4JSUBy,https://open.spotify.com/show/6ilETx4zku1yZkPN4JSUBy,1,en,0.990,yes,yes,,2024-12-26,
How Democracies Die: What History Reveals About Our Future,"Steven Levitsky, Daniel Ziblatt",on_spotify,strong,How Democracies Die: The International Bestseller: What History Reveals About Our Future,Steven Levitsky; Daniel Ziblatt,Fred Sanders,en,Unabridged edition,11,4P4aAOH4uwQu3uFzHXiYWw,https://open.spotify.com/show/4P4aAOH4uwQu3uFzHXiYWw,1,en,0.990,yes,,yes,2025-08-25,
"How Nations Escape Poverty: Vietnam, Poland, and the Origins of Prosperity",Rainer Zitelmann,on_spotify,strong,"How Nations Escape Poverty: Vietnam, Poland, and the Origins of Prosperity",Rainer Zitelmann,Jonathan Yen,en,Unabridged edition,12,1NuCi3Qq1ZNxiYpwvWz1ng,https://open.spotify.com/show/1NuCi3Qq1ZNxiYpwvWz1ng,,,1.000,yes,,yes,2024-12-26,
How the West Won: The Neglected Story of the Triumph of Modernity,Rodney Stark,on_spotify,strong,How the West Won: The Neglected Story of the Triumph of Modernity,Rodney Stark,Kevin Foley,en,Unabridged,21,0aWMHTOxWO5iRRZNtCwaqm,https://open.spotify.com/show/0aWMHTOxWO5iRRZNtCwaqm,,,1.000,yes,,yes,2024-12-25,
How the World Became Rich: The Historical Origins of Economic Growth,"Mark Koyama, Jared Rubin",on_spotify,strong,How the World Became Rich: The Historical Origins of Economic Growth,Mark Koyama; Jared Rubin,Adam Barr,en,Unabridged edition,18,2dZF9Z4RMR3M1FcNYaeJIm,https://open.spotify.com/show/2dZF9Z4RMR3M1FcNYaeJIm,,,1.000,yes,,yes,2024-12-26,
How to Die: An Ancient Guide to the End of Life,Seneca,on_spotify,strong,How to Die: An Ancient Guide to the End of Life,Seneca; James S. Romm,P.J. Ochlan,en,Unabridged edition,11,7arsWIkgxzp1fZutnxLoZb,https://open.spotify.com/show/7arsWIkgxzp1fZutnxLoZb,,,1.000,yes,yes,,2024-12-25,
How to Keep Your Cool: An Ancient Guide to Anger Management,Seneca,on_spotify,strong,How to Keep Your Cool: An Ancient Guide to Anger Management,Seneca,P.J. Ochlan,en,Unabridged edition,6,1yYZjGRQoXZGEJCBqku02g,https://open.spotify.com/show/1yYZjGRQoXZGEJCBqku02g,,,1.000,yes,,yes,2024-12-25,
How to Pronounce Knife,Souvankham Thammavongsa,on_spotify,strong,How to Pronounce Knife: Winner of the 2020 Scotiabank Giller Prize,Souvankham Thammavongsa,James Tang; Kulap Vilaysack,en,Unabridged edition,18,7I6ZMUjQXqesY97sSflvem,https://open.spotify.com/show/7I6ZMUjQXqesY97sSflvem,1,en,0.990,yes,,yes,2026-07-24,
How to Rule the World: An Education in Power at Stanford University,Theo Baker,on_spotify,strong,How to Rule the World: An Education in Power at Stanford University,Theo Baker,Theo Baker,en,Unabridged edition,23,1ttoCwhKOOGH6v9CLDR5RR,https://open.spotify.com/show/1ttoCwhKOOGH6v9CLDR5RR,1,en,1.000,yes,,yes,2026-07-06,
How to Speak Whale: A Voyage into the Future of Animal Communication,Tom Mustill,on_spotify,strong,How to Speak Whale: A Voyage into the Future of Animal Communication,Tom Mustill,Tom Mustill,en,Unabridged edition,20,2afwy7koqA3j8AnHbQSpbS,https://open.spotify.com/show/2afwy7koqA3j8AnHbQSpbS,,,1.000,yes,,yes,2024-12-26,
"Huna: A Memoir of Revolution, Prison, and Becoming",Abdelrahman ElGendy,on_spotify,strong,"Huna: A Memoir of Revolution, Prison, and Becoming",Abdelrahman ElGendy,Abdelrahman ElGendy,en,Unabridged edition,49,71NLAa69hQ6HSRNgRzs40D,https://open.spotify.com/show/71NLAa69hQ6HSRNgRzs40D,,,1.000,yes,,yes,2026-09-02,
I See You've Called in Dead,John Kenney,on_spotify,strong,I See You've Called in Dead: A Novel,John Kenney,Sean Patrick Hopkins,en,Unabridged edition,39,5SLHEygch6s19IO5Apz57L,https://open.spotify.com/show/5SLHEygch6s19IO5Apz57L,,,1.000,yes,,yes,2025-12-08,
I Went to See My Father,Kyung-sook Shin,on_spotify,strong,I Went to See My Father,Kyung-Sook Shin,Megan Affonso,en,Unabridged edition,18,2fA3lvocT4fhHsunqHmPn2,https://open.spotify.com/show/2fA3lvocT4fhHsunqHmPn2,1,en,1.000,yes,,yes,2026-07-06,
"I, Claudius",Robert Graves,on_spotify,strong,"I, Claudius",Robert Graves,Derek Jacobi,en,Abridged edition,58,47NICAnGdV7ew6VPx3s2H0,https://open.spotify.com/show/47NICAnGdV7ew6VPx3s2H0,1,en,1.000,yes,,yes,2024-12-26,
Icebound: Shipwrecked at the Edge of the World,Andrea Pitzer,on_spotify,strong,Icebound: Shipwrecked at the Edge of the World,Andrea Pitzer,Fred Sanders,en,Unabridged edition,16,2Y3fhzxqiVZS6IOZF44IrC,https://open.spotify.com/show/2Y3fhzxqiVZS6IOZF44IrC,1,en,1.000,yes,,yes,2024-12-25,
If This Is a Man • The Truce,Primo Levi,on_spotify,strong,If This Is A Man/The Truce: 'Miraculous' Philippe Sands,Primo Levi,Henry Goodman,en,Unabridged edition,41,5EUUiOBZuUL6DP6EEbQDwH,https://open.spotify.com/show/5EUUiOBZuUL6DP6EEbQDwH,,,0.990,yes,yes,,2025-01-12,
Igifu,Scholastique Mukasonga,on_spotify,strong,Igifu,Scholastique Mukasonga,Virtic Emil Brown,en,Unabridged edition,8,14MBxWqlQvY8qt3ufex1lx,https://open.spotify.com/show/14MBxWqlQvY8qt3ufex1lx,,,1.000,yes,,yes,2024-12-26,
Il n'y a pas de Ajar,Delphine Horvilleur,on_spotify,strong,Il n'y a pas de Ajar : monologue contre l'identité,Delphine Horvilleur,Delphine Horvilleur; Johanna Nizard,fr,Unabridged edition,11,3wv6MXLcVczRzDnpKvfw0G,https://open.spotify.com/show/3wv6MXLcVczRzDnpKvfw0G,,,0.990,yes,yes,,2024-12-25,
Imperial Twilight: The Opium War and the End of China's Last Golden Age,Stephen R. Platt,on_spotify,strong,Imperial Twilight: The Opium War and the End of China's Last Golden Age,Stephen R. Platt,Mark Deakins,en,Unabridged edition,23,0rIS4r0P7Dr6ikduvHna6C,https://open.spotify.com/show/0rIS4r0P7Dr6ikduvHna6C,,,1.000,yes,,yes,2025-01-27,
In Europe's Shadow: Two Cold Wars and a Thirty-Year Journey Through Romania and Beyond,Robert D. Kaplan,on_spotify,strong,In Europe's Shadow: Two Cold Wars and a Thirty-Years Journey Through Romania and Beyond,Robert D. Kaplan,Paul Boehmer,en,Unabridged edition,10,0lScNwhbfao5xgfi7zo1ar,https://open.spotify.com/show/0lScNwhbfao5xgfi7zo1ar,,,0.994,yes,,yes,2026-03-15,
In Every Mirror She's Black,Lọlá Ákínmádé Åkerström,on_spotify,strong,In Every Mirror She's Black,Lola Akinmade Akerstrom,Délé Ogundiran; Rosemarie Akwafo; Mela Lee,en,Unabridged edition,27,2Y9bq846MbygOOXzIXxoXL,https://open.spotify.com/show/2Y9bq846MbygOOXzIXxoXL,,,1.000,yes,,yes,2024-12-25,
In Love: A Memoir of Love and Loss,Amy Bloom,on_spotify,strong,In Love: A Memoir of Love and Loss,Amy Bloom,Amy Bloom,en,Unabridged edition,95,7geYeNj9w3P1gSuJFdzGsY,https://open.spotify.com/show/7geYeNj9w3P1gSuJFdzGsY,1,en,1.000,yes,,yes,2024-12-26,
In Memoriam,Alice Winn,on_spotify,strong,In Memoriam: A novel,Alice Winn,Christian Coulson,en,Unabridged edition,52,5GIOCxCNInFNu0e5heFFjQ,https://open.spotify.com/show/5GIOCxCNInFNu0e5heFFjQ,1,en,1.000,yes,yes,,2024-12-26,
In the Country of Men,Hisham Matar,on_spotify,strong,In the Country of Men,Hisham Matar,Khalid Abdalla,en,Unabridged edition,26,5D6Y6XJJdFFohBbYCrzPen,https://open.spotify.com/show/5D6Y6XJJdFFohBbYCrzPen,,,1.000,yes,,yes,2026-04-13,
In the Country of Others,Leïla Slimani,on_spotify,strong,In the Country of Others: A Novel,Leila Slimani,Lara Sawalha,en,Unabridged edition,15,3ZgCwhK3r9jWMdQa7UZ7L0,https://open.spotify.com/show/3ZgCwhK3r9jWMdQa7UZ7L0,,,1.000,yes,,yes,2026-03-09,
In the Shadow of the Mountain: A Memoir of Courage,Silvia Vasquez-Lavado,on_spotify,strong,In the Shadow of the Mountain: A Memoir of Courage,Silvia Vasquez-Lavado,Silvia Vasquez-Lavado,en,Unabridged edition,23,1C1kTKgG4s3gNbBHbxyP6n,https://open.spotify.com/show/1C1kTKgG4s3gNbBHbxyP6n,1,en,1.000,yes,,yes,2024-12-26,
In This Economy?: How Money & Markets Really Work,Kyla Scanlon,on_spotify,strong,In This Economy?: How Money and Markets Really Work,Kyla Scanlon,Kyla Scanlon,en,Unabridged edition,32,2XXLfVRGJGBmsdsJzFdywt,https://open.spotify.com/show/2XXLfVRGJGBmsdsJzFdywt,1,en,1.000,yes,,yes,2025-07-21,
Incidental Inventions,Elena Ferrante,on_spotify,strong,Incidental Inventions,Elena Ferrante,Hillary Huber,en,Unabridged edition,53,0hESZBe0LWul7OhsfkameQ,https://open.spotify.com/show/0hESZBe0LWul7OhsfkameQ,,,1.000,yes,,yes,2024-12-24,
Indigenous Continent: The Epic Contest for North America,Pekka Hämäläinen,on_spotify,strong,Indigenous Continent: The Epic Contest for North America,Pekka Hamalainen,Kaipo Schwab,en,Unabridged edition,64,4nmRn7QknPkcI0CIH6R3kO,https://open.spotify.com/show/4nmRn7QknPkcI0CIH6R3kO,,,1.000,yes,,yes,2024-12-26,
Interesting Facts About Space,Emily Austin,on_spotify,strong,Interesting Facts about Space: A Novel,Emily Austin,Natalie Naudus,en,Unabridged edition,16,4spvIqXrULd4ECOmGLrWCd,https://open.spotify.com/show/4spvIqXrULd4ECOmGLrWCd,1,en,1.000,yes,,yes,2025-07-07,
Intimacies,Katie Kitamura,on_spotify,strong,Intimacies: A Novel,Katie Kitamura,Traci Kato-Kiriyama,en,Unabridged edition,20,2GtGQ5EuhNnCZqIYNBnsza,https://open.spotify.com/show/2GtGQ5EuhNnCZqIYNBnsza,1,en,1.000,yes,,yes,2024-12-26,
"Into the Amazon: The Life of Cândido Rondon, Trailblazing Explorer, Scientist, Statesman, and Conservationist",Larry Rohter,on_spotify,strong,"Into the Amazon: The Life of Cândido Rondon, Trailblazing Explorer, Scientist, Statesman, and Conservationist",Larry Rohter,Gary Tiedemann,en,Unabridged edition,28,7KVsqQYcEPQsFPVvvkuPvz,https://open.spotify.com/show/7KVsqQYcEPQsFPVvvkuPvz,,,1.000,yes,yes,,2024-12-26,
Invisible Women: Data Bias in a World Designed for Men,Caroline Criado Pérez,on_spotify,strong,Invisible Women: Exposing Data Bias in a World Designed for Men,Caroline Criado Perez,Caroline Criado Perez,en,Unabridged edition,37,1m3WkA8ZBt2VAGnj6PUkmr,https://open.spotify.com/show/1m3WkA8ZBt2VAGnj6PUkmr,,,0.990,yes,,yes,2024-12-25,
Invitation to a Banquet: The Story of Chinese Food,Fuchsia Dunlop,on_spotify,strong,Invitation to a Banquet: The Story of Chinese Food,Fuchsia Dunlop,Fuchsia Dunlop,en,Unabridged edition,34,33Q9TAzPtrYa1aByC6SSif,https://open.spotify.com/show/33Q9TAzPtrYa1aByC6SSif,,,1.000,yes,,yes,2024-12-26,
Islands in the Stream,Ernest Hemingway,on_spotify,strong,Islands in the Stream,Ernest Hemingway,Bruce Greenwood,en,Unabridged edition,17,0KmHk9QhpyPfRoJVDZZrwT,https://open.spotify.com/show/0KmHk9QhpyPfRoJVDZZrwT,,,1.000,yes,,yes,2024-12-24,
It Didn't Start with You: How Inherited Family Trauma Shapes Who We Are and How to End the Cycle,Mark Wolynn,on_spotify,strong,It Didn't Start with You: How Inherited Family Trauma Shapes Who We Are and How to End the Cycle,Mark Wolynn,Mark Wolynn,en,Unabridged edition,16,4wCwTKCfWVoHkCePzBrMom,https://open.spotify.com/show/4wCwTKCfWVoHkCePzBrMom,2,en,1.000,yes,,yes,2024-12-25,
Jack,Marilynne Robinson,on_spotify,strong,Jack (Oprah's Book Club): A Novel,Marilynne Robinson,Adam Verner,en,Unabridged edition,15,1FGGTjFeyJXKvRaqBIPMb2,https://open.spotify.com/show/1FGGTjFeyJXKvRaqBIPMb2,3,"en, it, da",1.000,yes,,yes,2026-08-27,
John of John,Douglas Stuart,on_spotify,strong,John of John: Shortlisted for the Booker Prize 2026,Douglas Stuart,Lorne MacFadyen,en,Unabridged edition,30,3nU6uwdt4oHmCV6wDBMCzO,https://open.spotify.com/show/3nU6uwdt4oHmCV6wDBMCzO,1,de,0.990,yes,,yes,2026-07-29,
Jollof Rice and Other Revolutions: A Novel in Interlocking Stories,Omolola Ijeoma Ogunyemi,on_spotify,strong,Jollof Rice and Other Revolutions,Omolola Ijeoma Ogunyemi,Korey Jackson; Liz Femi,en,Unabridged edition,15,1gZMWNO7iFtAnEop5IKUH1,https://open.spotify.com/show/1gZMWNO7iFtAnEop5IKUH1,1,en,0.990,yes,yes,,2024-12-26,
Jonathan Strange & Mr Norrell,Susanna Clarke,on_spotify,strong,Jonathan Strange & Mr Norrell,Susanna Clarke,Neil Gaiman; Richard Armitage; V.E. Schwab,en,Unabridged edition,74,1WB4WZmn4HW4ATug0gooaH,https://open.spotify.com/show/1WB4WZmn4HW4ATug0gooaH,3,"en, de",1.000,yes,,yes,2024-12-26,
Jonny Appleseed,Joshua Whitehead,on_spotify,strong,Jonny Appleseed: A Novel,Joshua Whitehead,Joshua Whitehead,en,Unabridged edition,58,22orqJxLpwKcDCdk6SspQW,https://open.spotify.com/show/22orqJxLpwKcDCdk6SspQW,,,1.000,yes,,yes,2024-12-26,
Just Kids,Patti Smith,on_spotify,strong,Just Kids: A National Book Award Winner,Patti Smith,Patti Smith,en,Unabridged edition,11,5vserjW11eRjHNGUznH4Yd,https://open.spotify.com/show/5vserjW11eRjHNGUznH4Yd,2,"en, sv",0.990,yes,yes,,2026-07-20,
Just My Type: A Book About Fonts,Simon Garfield,on_spotify,strong,Just My Type,Simon Garfield,Julian Rhind-Tutt,en,Unabridged edition,24,6mNRcQib5ntI4pzeJcGbk9,https://open.spotify.com/show/6mNRcQib5ntI4pzeJcGbk9,,,0.990,yes,,yes,2025-03-27,
Kairos,Jenny Erpenbeck,on_spotify,strong,Kairos,Jenny Erpenbeck,Jenny Erpenbeck,de,Unabridged edition,155,3Yz9miXgiw8FxaMa0nUVoV,https://open.spotify.com/show/3Yz9miXgiw8FxaMa0nUVoV,2,"fi, da",1.000,yes,yes,,2025-10-27,
Keep the Aspidistra Flying,George Orwell,on_spotify,strong,Keep The Aspidistra Flying,George Orwell,Richard E. Grant,en,Unabridged edition,112,524ssbyUFnn0OsCZjiXe3P,https://open.spotify.com/show/524ssbyUFnn0OsCZjiXe3P,1,en,1.000,yes,,yes,2024-12-24,
Killing Commendatore,Haruki Murakami,on_spotify,strong,Killing Commendatore,Haruki Murakami,Kirby Heyborne,en,Unabridged edition,66,027tcCV2jQaGU1azH3NdUP,https://open.spotify.com/show/027tcCV2jQaGU1azH3NdUP,1,en,1.000,yes,,yes,2024-12-24,
Kindred,Octavia E. Butler,on_spotify,strong,Kindred,Octavia E. Butler,Kim Staunton,en,Unabridged edition,12,7MNe9gf6ouxpESVp2U3ruI,https://open.spotify.com/show/7MNe9gf6ouxpESVp2U3ruI,1,en,1.000,yes,,yes,2024-12-26,
Kingdom of Characters: The Language Revolution That Made China Modern,Jing Tsu,on_spotify,strong,Kingdom of Characters (Pulitzer Prize Finalist): The Language Revolution That Made China Modern,Jing Tsu,Jing Tsu,en,Unabridged edition,19,50TH3UgyM8Cd85crjOP28s,https://open.spotify.com/show/50TH3UgyM8Cd85crjOP28s,1,en,1.000,yes,yes,,2024-12-25,
Knife: Meditations After an Attempted Murder,Salman Rushdie,on_spotify,strong,Knife: Meditations After an Attempted Murder,Salman Rushdie,Salman Rushdie,en,Unabridged edition,13,4MdnmN7EuqyZN7DM6Hk0Qq,https://open.spotify.com/show/4MdnmN7EuqyZN7DM6Hk0Qq,2,"en, de",1.000,yes,yes,,2025-02-17,
Kokoro,Natsume Sōseki,on_spotify,strong,Kokoro,Natsume Soseki; Meredith McKinney,Kotaro Watanabe; Elizabeth Jasicki,en,Unabridged edition,115,2ERFSj3ZxxpCuaUX7rMKD1,https://open.spotify.com/show/2ERFSj3ZxxpCuaUX7rMKD1,,,1.000,yes,yes,,2024-12-25,
"Kristin Lavransdatter, I: The Wreath",Sigrid Undset,on_spotify,strong,Kristin Lavransdatter: (Penguin Classics Deluxe Edition),Sigrid Undset; Tiina Nunnally; Brad Leithauser,Nina Yndis; Stephen Graybill,en,Unabridged edition,77,3Qior99222ZeQQX5BsNLlf,https://open.spotify.com/show/3Qior99222ZeQQX5BsNLlf,,,0.945,yes,,yes,2024-12-26,
Kukum,Michel Jean,on_spotify,strong,Kukum,Michel Jean,Erin Tripp,en,Unabridged edition,54,6i8zlBlgQBCVxuri68rmYc,https://open.spotify.com/show/6i8zlBlgQBCVxuri68rmYc,1,fr,1.000,yes,yes,,2024-12-26,
L'anomalie,Hervé Le Tellier,on_spotify,strong,L'anomalie,Hervé Le Tellier,Robin Renucci,fr,Unabridged edition,36,6LDMJExy8MnAU6yFnNJO8J,https://open.spotify.com/show/6LDMJExy8MnAU6yFnNJO8J,,,1.000,yes,,yes,2024-12-26,
La carte postale,Anne Berest,on_spotify,strong,La Carte postale: Suivi d'un entretien avec l'autrice,Anne Berest,Ariane Brousse,fr,Unabridged edition,98,1hwbA3so146dQopw6EcrrW,https://open.spotify.com/show/1hwbA3so146dQopw6EcrrW,,,0.990,yes,,yes,2024-12-26,
La promesse de l'aube,Romain Gary,on_spotify,strong,La promesse de l'aube,Romain Gary,Hervé Pierre,fr,Unabridged edition,43,3jwL2pGNYwF0PMvaTRBKBW,https://open.spotify.com/show/3jwL2pGNYwF0PMvaTRBKBW,,,1.000,yes,yes,,2024-12-25,
Land,Maggie O'Farrell,on_spotify,strong,Land: A Novel,Maggie O'Farrell,Dane Whyte O'Hara,en,Unabridged edition,18,3cpuJr2FhBl9wesc1vHXsA,https://open.spotify.com/show/3cpuJr2FhBl9wesc1vHXsA,2,"en, sv",1.000,yes,,yes,2025-12-25,
LaRose,Louise Erdrich,on_spotify,strong,LaRose: A Novel,Louise Erdrich,Louise Erdrich,en,Unabridged edition,20,1lTEIhkgiiOFWm7fjzHoQx,https://open.spotify.com/show/1lTEIhkgiiOFWm7fjzHoQx,,,1.000,yes,yes,,2025-09-25,
Laurus,Eugene Vodolazkin,on_spotify,strong,Laurus,Eugene Vodolazkin,James Anderson Foster,en,Unabridged edition,95,57sDsRoexebEe3JYHILZzZ,https://open.spotify.com/show/57sDsRoexebEe3JYHILZzZ,,,1.000,yes,yes,,2025-08-17,
Legacy of Violence: A History of the British Empire,Caroline Elkins,on_spotify,strong,Legacy of Violence: A History of the British Empire,Caroline Elkins,Adam Barr,en,Unabridged edition,41,45wJd4HCeBVFhAkRO8KdOB,https://open.spotify.com/show/45wJd4HCeBVFhAkRO8KdOB,1,en,1.000,yes,,yes,2024-12-25,
Les Choses,Georges Perec,on_spotify,strong,Les Choses: Présentation par Benoît Peeters,Georges Perec; Benoît Peeters,Raphaël Personnaz,fr,Unabridged edition,16,3U1VvmwPdy6GxHTRYApWBd,https://open.spotify.com/show/3U1VvmwPdy6GxHTRYApWBd,,,0.990,yes,,yes,2024-12-26,
Letters from a Stoic: Epistulae Morales Ad Lucilium,Seneca,on_spotify,strong,Letters from a Stoic: A New Translation for the Modern Reader,Lucius Annaeus Seneca; Vincent Rodrigo,Digital Voice Martin G,en,Unabridged edition,129,3AuNnwzVNVCwvoI1End6fS,https://open.spotify.com/show/3AuNnwzVNVCwvoI1End6fS,3,"en, ru",0.990,yes,,yes,2024-12-25,
Leviathan Wakes,James S.A. Corey,on_spotify,strong,Leviathan Wakes,James S. A. Corey,Jefferson Mays,en,Unabridged edition,58,1jw5X0qKfFoK3lme8NhtJJ,https://open.spotify.com/show/1jw5X0qKfFoK3lme8NhtJJ,1,en,1.000,yes,yes,,2025-08-25,
Lie with Me,Philippe Besson,on_spotify,strong,Lie With Me: A Novel,Philippe Besson,Jacques Roy,en,Unabridged edition,14,5K6xMCuEYxnrqZ2ymISUEf,https://open.spotify.com/show/5K6xMCuEYxnrqZ2ymISUEf,1,en,1.000,yes,yes,,2026-03-17,
Life Among the Qallunaat,Mini Aodla Freeman,on_spotify,strong,Life Among the Qallunaat,Mini Aodla Freeman,Taqralik Partridge,en,Unabridged edition,11,0SEEQ1J1Ko8ub3MMbroHhr,https://open.spotify.com/show/0SEEQ1J1Ko8ub3MMbroHhr,,,1.000,yes,,yes,2024-12-26,
Life and Times of Michael K,J.M. Coetzee,on_spotify,strong,Life and Times of Michael K,J.M. Coetzee,Jack Klaff,en,Unabridged edition,12,5dPjYyAZrZKTW0vcbrN5Xa,https://open.spotify.com/show/5dPjYyAZrZKTW0vcbrN5Xa,,,1.000,yes,,yes,2024-12-26,
Life Ceremony,Sayaka Murata,on_spotify,strong,Life Ceremony: Stories,Sayaka Murata,various narrators; Nancy Wu; Emily Woo Zeller; Eunice Wong; Natalie Naudus; Jeena Yi; Pun Bandhu,en,Unabridged edition,26,4iYzvU8G7al75aCmosj0cZ,https://open.spotify.com/show/4iYzvU8G7al75aCmosj0cZ,,,0.990,yes,yes,,2025-03-29,
Light and Thread,Han Kang,on_spotify,strong,Light and Thread,Han Kang,Greta Jung,en,Unabridged edition,18,5iTmdYyYSnBGeUecviiRqY,https://open.spotify.com/show/5iTmdYyYSnBGeUecviiRqY,,,1.000,yes,,yes,2026-04-24,
"Like, Literally, Dude: Arguing for the Good in Bad English",Valerie Fridland,on_spotify,strong,"Like, Literally, Dude: Arguing for the Good in Bad English",Valerie Fridland,Valerie Fridland; Joniece Abbott-Pratt; Keylor Leigh; Andrew Eiden; Christopher Ryan Grant; Ellen Archer; Eileen Stevens; Nicky Endres,en,Unabridged edition,15,3w7aUUjRAUP6LQJFwHWL72,https://open.spotify.com/show/3w7aUUjRAUP6LQJFwHWL72,,,1.000,yes,,yes,2024-12-26,
Lila,Marilynne Robinson,on_spotify,strong,Lila (Oprah's Book Club): A Novel,Marilynne Robinson,Maggie Hoffman,en,Unabridged edition,24,2CDWfrigtDEagy8hnu1Vwd,https://open.spotify.com/show/2CDWfrigtDEagy8hnu1Vwd,1,it,1.000,yes,,yes,2026-08-27,
Lion City: Singapore and the Invention of Modern Asia,Jeevan Vasagar,on_spotify,strong,Lion City: Singapore and the Invention of Modern Asia,Jeevan Vasagar,Hugh Kermode,en,Unabridged edition,18,2mJk9lIqbmQXKeZiKR3a3A,https://open.spotify.com/show/2mJk9lIqbmQXKeZiKR3a3A,,,1.000,yes,,yes,2024-12-26,
Little Dorrit,Charles Dickens,on_spotify,strong,Little Dorrit,Charles Dickens,Anton Lesser,en,Abridged edition,100,5nxQX3CXViSbQoEFw3umEY,https://open.spotify.com/show/5nxQX3CXViSbQoEFw3umEY,5,en,1.000,yes,,yes,2024-12-25,
Little Women,Louisa May Alcott,on_spotify,strong,Little Women,Louisa May Alcott,Barbara Caruso,en,Unabridged edition,50,2HXtkCCNQj84MbsdFYgJvp,https://open.spotify.com/show/2HXtkCCNQj84MbsdFYgJvp,,,1.000,yes,,yes,2025-03-15,
Living to Tell the Tale,Gabriel García Márquez,on_spotify,strong,Living to Tell the Tale,Gabriel García Márquez,Christopher Salazar,en,Unabridged edition,28,0pJxfrFPyFvfPxDl0umLwc,https://open.spotify.com/show/0pJxfrFPyFvfPxDl0umLwc,,,1.000,yes,yes,,2024-12-24,
Living with Our Dead: Stories of Loss and Consolation,Delphine Horvilleur,on_spotify,strong,Living with our Dead,Delphine Horvilleur,Jenna Rose Stein,en,Unabridged edition,15,2hGsfHkdLEfxmmxTmSuXRV,https://open.spotify.com/show/2hGsfHkdLEfxmmxTmSuXRV,,,0.990,yes,,yes,2024-12-25,
"Look at the Lights, My Love",Annie Ernaux,on_spotify,strong,"Look at the Lights, My Love",Annie Ernaux,Tavia Gilbert,en,Unabridged edition,6,1M4cK4Tv3o1GyLv6scuHA8,https://open.spotify.com/show/1M4cK4Tv3o1GyLv6scuHA8,,,1.000,yes,,yes,2024-12-24,
Loot: Britain and the Benin Bronzes,Barnaby Phillips,on_spotify,strong,Loot: Britain and the Benin Bronzes,Barnaby Phillips,Michael Page,en,Unabridged edition,22,1iirKQPBkIbGQHKVy9cEVn,https://open.spotify.com/show/1iirKQPBkIbGQHKVy9cEVn,,,1.000,yes,,yes,2024-12-25,
Lot,Bryan Washington,on_spotify,strong,Lot: Stories,Bryan Washington,Bryan Washington; Dion Graham; JD Jackson; Bahni Turpin,en,Unabridged edition,18,08zUPBesB2u8DCrKn1DD6k,https://open.spotify.com/show/08zUPBesB2u8DCrKn1DD6k,,,0.990,yes,yes,,2025-08-30,
Love in the Big City,Sang Young Park,on_spotify,strong,Love in the Big City (Ungekürzt),Sang Young Park,Loris Kubeng,de,Unabridged edition,127,2TabfUp8jkuVczsqjol5aW,https://open.spotify.com/show/2TabfUp8jkuVczsqjol5aW,,,1.000,yes,,yes,2024-12-26,
Lázár,Nelio Biedermann,on_spotify,strong,Lázár: The international sensation,Nelio Biedermann,Justin Avoth,en,Unabridged edition,64,3sMA8C20In1cBjpNw1PHJ8,https://open.spotify.com/show/3sMA8C20In1cBjpNw1PHJ8,5,"nl, da, sv, de, fr",0.990,yes,,yes,2025-11-18,
Léon and Louise,Alex Capus,on_spotify,strong,Léon und Louise,Alex Capus,Ulrich Noethen,de,Abridged edition,89,2ly3HvrsomA4YvByMLl8tC,https://open.spotify.com/show/2ly3HvrsomA4YvByMLl8tC,,,0.933,yes,,yes,2025-08-24,
"Madness, Betrayal and the Lash",Stephen R. Bown,on_spotify,strong,"Madness, Betrayal and the Lash: The Epic Voyage of Captain George Vancouver",Stephen R. Bown,Joe Barrett,en,Unabridged edition,16,0F91eKJihdgNbC3sDk2LWh,https://open.spotify.com/show/0F91eKJihdgNbC3sDk2LWh,,,0.990,yes,,yes,2025-08-16,
Magma,Thora Hjörleifsdóttir,on_spotify,strong,Magma,Thora Hjörleifsdóttir,Genevieve Gaunt,en,Unabridged edition,94,5tecQeS7HT24bTXuKHrdS7,https://open.spotify.com/show/5tecQeS7HT24bTXuKHrdS7,1,da,1.000,yes,,yes,2025-03-15,
"Maid: Hard Work, Low Pay, and a Mother's Will to Survive",Stephanie Land,on_spotify,strong,Maid: A Barack Obama Summer Reading Pick and now a major Netflix series!,Stephanie Land,Stephanie Land,en,Unabridged edition,28,0pIYM0IA68mWNOiGEOTe9k,https://open.spotify.com/show/0pIYM0IA68mWNOiGEOTe9k,1,da,0.990,yes,,yes,2024-12-26,
Majority Minority,Justin Gest,on_spotify,strong,Majority Minority,Justin Gest,Clark Cornell,en,Unabridged edition,22,5qwcjjZp70uhhosnxdElFP,https://open.spotify.com/show/5qwcjjZp70uhhosnxdElFP,,,1.000,yes,,yes,2024-12-25,
Mao: The Unknown Story,"Jung Chang, Jon Halliday",on_spotify,strong,Mao: The Unknown Story,Jung Chang; Jon Halliday,Robertson Dean,en,Unabridged edition,409,1HSqgvJavInC765l2u6iah,https://open.spotify.com/show/1HSqgvJavInC765l2u6iah,1,da,1.000,yes,,yes,2024-12-26,
Maps of Our Spectacular Bodies,Maddie Mortimer,on_spotify,strong,Maps of Our Spectacular Bodies: Longlisted for the Booker Prize,Maddie Mortimer,Lydia Wilson; Tamsin Greig,en,Unabridged edition,12,25NYmZSY9DuWaSn91O3iUA,https://open.spotify.com/show/25NYmZSY9DuWaSn91O3iUA,,,0.990,yes,,yes,2024-12-26,
Martyr!,Kaveh Akbar,on_spotify,strong,Martyr!: A novel,Kaveh Akbar,Arian Moayed,en,Unabridged edition,45,2nzBt5qyLYatgyKZruOVl8,https://open.spotify.com/show/2nzBt5qyLYatgyKZruOVl8,1,en,1.000,yes,yes,,2024-12-26,
Mary Ventura and the Ninth Kingdom,Sylvia Plath,on_spotify,strong,Mary Ventura and The Ninth Kingdom: A Story,Sylvia Plath,Orlagh Cassidy,en,Unabridged edition,5,32pinMfydWLt9KfWf4fHP4,https://open.spotify.com/show/32pinMfydWLt9KfWf4fHP4,,,1.000,yes,,yes,2025-03-03,
Master and Man,Leo Tolstoy,on_spotify,strong,Master and Man,Leo  Tolstoy,Phil  Thompson,en,Unabridged edition,13,2lgTkeW9ykok2PcYvZiFVw,https://open.spotify.com/show/2lgTkeW9ykok2PcYvZiFVw,3,en,1.000,yes,,yes,2024-12-25,
Medieval Horizons: Why the Middle Ages Matter,Ian Mortimer,on_spotify,strong,Medieval Horizons: Why the Middle Ages Matter,Ian Mortimer,Ian Mortimer,en,Unabridged edition,15,6feV4f4BJJ60k283UYoHtZ,https://open.spotify.com/show/6feV4f4BJJ60k283UYoHtZ,,,1.000,yes,yes,,2024-12-26,
Memorial,Bryan Washington,on_spotify,strong,Memorial: A GMA Book Club Pick (A Novel),Bryan Washington,Bryan Washington; Akie Kotabe,en,Unabridged edition,56,2dezy5XQQ23vrv6IMAwpsS,https://open.spotify.com/show/2dezy5XQQ23vrv6IMAwpsS,,,0.990,yes,,yes,2025-08-30,
Men We Reaped,Jesmyn Ward,on_spotify,strong,Men We Reaped: A Memoir,Jesmyn Ward,January LaVoy,en,Unabridged edition,16,6Uk3omsfxaIb6lZYuo2LXr,https://open.spotify.com/show/6Uk3omsfxaIb6lZYuo2LXr,1,en,1.000,yes,,yes,2024-12-26,
Men Without Women,Ernest Hemingway,on_spotify,strong,Men Without Women,Ernest Hemingway,Carson Saylor,en,Unabridged edition,18,1k6JnzlBWY3Pe8ABJZAiRw,https://open.spotify.com/show/1k6JnzlBWY3Pe8ABJZAiRw,4,en,1.000,yes,,yes,2024-12-24,
Metro 2033,Dmitry Glukhovsky,on_spotify,strong,Metro 2033: The cult international bestseller and inspiration behind the METRO video game franchise,Dmitry Glukhovsky,Rupert Degas,en,Unabridged edition,42,5r1Ll7VqkuJF2eO0rcdG2z,https://open.spotify.com/show/5r1Ll7VqkuJF2eO0rcdG2z,3,"de, es, fr",0.990,yes,yes,,2025-08-30,
Metro 2034,Dmitry Glukhovsky,on_spotify,strong,Metro 2034,Dmitry Glukhovsky,Santiago (Voz de IA); Simón (Voz de IA),es,Unabridged edition,24,4odkgTUojjXJirmV36zhmW,https://open.spotify.com/show/4odkgTUojjXJirmV36zhmW,3,"fr, de",1.000,yes,,yes,2025-08-30,
METRO 2035,Dmitry Glukhovsky,on_spotify,strong,Métro 2035,Dmitry Glukhovsky,Julien Chatelet,fr,Unabridged edition,52,2F9Z459yQOXShkKsUM9749,https://open.spotify.com/show/2F9Z459yQOXShkKsUM9749,2,de,1.000,yes,,yes,2025-08-30,
Middlemarch,George Eliot,on_spotify,strong,Middlemarch,George Eliot,Digital Voice Lopez Mickaël,en,Unabridged edition,89,5llufWIPXiZlW4onW4Eby3,https://open.spotify.com/show/5llufWIPXiZlW4onW4Eby3,6,en,1.000,yes,yes,,2024-12-27,
Middlesex,Jeffrey Eugenides,on_spotify,strong,Middlesex: A Novel,Jeffrey Eugenides,Kristoffer Tabori,en,Unabridged edition,31,6kzi2O1M4RMPnwAbzu6Gu0,https://open.spotify.com/show/6kzi2O1M4RMPnwAbzu6Gu0,2,"en, de",1.000,yes,,yes,2024-12-26,
Midnight's Children,Salman Rushdie,on_spotify,strong,Midnight’s Children: BBC Radio 4 full-cast dramatisation,Salman Rushdie,Meera Syal; Full Cast; Anneika Rose; Preeya Kalidas; Aysha Kala; Nikesh Patel,en,Abridged edition,13,4fhzRVLkuvMoSi2bWRtJ54,https://open.spotify.com/show/4fhzRVLkuvMoSi2bWRtJ54,,,0.990,yes,,yes,2024-12-24,
Migraine,Oliver Sacks,on_spotify,strong,Migraine,Oliver Sacks,Jonathan Davis,en,Unabridged edition,26,12Le5jDi0MKjQrihUTgVgZ,https://open.spotify.com/show/12Le5jDi0MKjQrihUTgVgZ,,,1.000,yes,yes,,2025-03-14,
Mindset: The New Psychology of Success,Carol S. Dweck,on_spotify,strong,Mindset: The New Psychology of Success,Carol S. Dweck,Bernadette Dunne,en,Unabridged edition,12,5FacZgaBduE2ibawQ07uuQ,https://open.spotify.com/show/5FacZgaBduE2ibawQ07uuQ,,,1.000,yes,,yes,2024-12-26,
Mission Economy: A Moonshot Guide to Changing Capitalism,Mariana Mazzucato,on_spotify,strong,Mission Economy: A Moonshot Guide to Changing Capitalism,Mariana Mazzucato,Lexie McDougall,en,Unabridged edition,12,7zgUuZl3vCe57q1cj12pRO,https://open.spotify.com/show/7zgUuZl3vCe57q1cj12pRO,1,en,1.000,yes,,yes,2025-12-08,
"Moby-Dick: Or, the Whale",Herman Melville,on_spotify,strong,Moby Dick,Herman Melville,Pete Cross,en,Unabridged edition,274,0bBkohwHTEoYuSN5TvWbKG,https://open.spotify.com/show/0bBkohwHTEoYuSN5TvWbKG,6,en,0.990,yes,,yes,2024-12-26,
Mon vrai nom est Elisabeth,Adèle Yon,on_spotify,strong,Mon vrai nom est Elisabeth,Adèle Yon,Leah Lapiower,fr,Unabridged edition,76,36idPPHnoSAko2x18vVhXo,https://open.spotify.com/show/36idPPHnoSAko2x18vVhXo,,,1.000,yes,,yes,2026-08-13,
More Than I Love My Life,David Grossman,on_spotify,strong,More Than I Love My Life: A novel,David Grossman,Gilli Messer,en,Unabridged edition,23,115eLYaQiN6ewNjNLCBq2M,https://open.spotify.com/show/115eLYaQiN6ewNjNLCBq2M,1,en,1.000,yes,,yes,2025-08-11,
Morning and Evening,Jon Fosse,on_spotify,strong,Morning and Evening: 2nd Edition,Jon Fosse,Kåre Conradi,en,Unabridged edition,6,09fV9rINVPZgc8le9aaTE6,https://open.spotify.com/show/09fV9rINVPZgc8le9aaTE6,,,0.990,yes,,yes,2025-03-17,
Moth Smoke,Mohsin Hamid,on_spotify,strong,Moth Smoke,Mohsin Hamid,Mohsin Hamid,en,Unabridged edition,22,0aw0jKNzf9ly3rQJDMrXXW,https://open.spotify.com/show/0aw0jKNzf9ly3rQJDMrXXW,1,en,1.000,yes,,yes,2025-05-22,
Mother Mary Comes to Me,Arundhati Roy,on_spotify,strong,Mother Mary Comes To Me: The Sunday Times bestselling memoir from the Booker Prize-winning author of The God of Small Things,Arundhati Roy,Arundhati Roy,en,Unabridged edition,47,0i2ztrTj7Pjx449Qny8a0L,https://open.spotify.com/show/0i2ztrTj7Pjx449Qny8a0L,,,0.990,yes,,yes,2025-10-13,
Mother Night,Kurt Vonnegut,on_spotify,strong,Mother Night: A Novel,Kurt Vonnegut,Victor Bevine,en,Unabridged edition,48,7rSJcvVjLsCLNxsEIn0A7O,https://open.spotify.com/show/7rSJcvVjLsCLNxsEIn0A7O,,,1.000,yes,,yes,2025-07-07,
"Motherland: A Feminist History of Modern Russia, from Revolution to Autocracy",Julia Ioffe,on_spotify,strong,"Motherland: A Feminist History of Modern Russia, From Revolution to Autocracy",Julia Ioffe,Julia Ioffe,en,Unabridged edition,45,53S0Eu6FXczwpwU8RmsUSB,https://open.spotify.com/show/53S0Eu6FXczwpwU8RmsUSB,1,en,1.000,yes,,yes,2026-01-08,
Mr Norris Changes Trains,Christopher Isherwood,on_spotify,strong,Mr Norris Changes Trains,Christopher Isherwood,Nicholas Boulton,en,Unabridged edition,19,5UgJXJvZ7c8GYZaEIWdFAO,https://open.spotify.com/show/5UgJXJvZ7c8GYZaEIWdFAO,,,1.000,yes,yes,,2024-12-24,
Mrs. Bridge,Evan S. Connell,on_spotify,strong,Mr. Bridge,Evan S. Connell,George Guidall,en,Unabridged edition,143,35QJZECQAcBItpTLo6jLOW,https://open.spotify.com/show/35QJZECQAcBItpTLo6jLOW,,,0.947,yes,yes,,2024-12-26,
Mrs. Dalloway,Virginia Woolf,on_spotify,strong,Mrs Dalloway,Virginia Woolf,Juliet Stevenson,en,Unabridged edition,8,3get6o5HaYsRUyFotvGBZA,https://open.spotify.com/show/3get6o5HaYsRUyFotvGBZA,5,en,1.000,yes,,yes,2024-12-26,
My Cat Yugoslavia,Pajtim Statovci,on_spotify,strong,My Cat Yugoslavia: A Novel,Pajtim Statovci,Edoardo Ballerini; Alison Fraser,en,Unabridged edition,96,1YQCiImmeZZxhoEb3LwBFD,https://open.spotify.com/show/1YQCiImmeZZxhoEb3LwBFD,,,1.000,yes,yes,,2024-12-26,
My Friends,Hisham Matar,on_spotify,strong,My Friends: Booker Prize Longlisted 2024,Hisham Matar,Hisham Matar,en,Unabridged edition,111,1lPn1ItvpxJ2hk3nQwNtLZ,https://open.spotify.com/show/1lPn1ItvpxJ2hk3nQwNtLZ,,,0.990,yes,,yes,2026-04-13,
My Name is Maame,Jessica George,on_spotify,strong,"My Name Is Maame: the heartwarming book club debut that will make you laugh, cry and think",Jessica George,Heather Agyepong,en,Unabridged edition,91,1kjxNXakQpBTtQC83hUIis,https://open.spotify.com/show/1kjxNXakQpBTtQC83hUIis,,,0.990,yes,yes,,2026-04-07,
My Name Is Red,Orhan Pamuk,on_spotify,strong,My Name Is Red,Orhan Pamuk,John Lee,en,Unabridged edition,280,5orAWxNCriAlKwdGfuALNp,https://open.spotify.com/show/5orAWxNCriAlKwdGfuALNp,1,en,1.000,yes,,yes,2024-12-26,
My Pen is the Wing of a Bird,Lucy Hannah,on_spotify,strong,My Pen Is the Wing of a Bird: New Fiction by Afghan Women,Various; Lyse Doucet; Lucy Hannah,Sitara Attaie,en,Unabridged edition,31,2ZkfPfyEP9fwV3x12B89pI,https://open.spotify.com/show/2ZkfPfyEP9fwV3x12B89pI,,,0.990,yes,,yes,2024-12-26,
My Soul Is a Witness: The Traumatic Afterlife of Lynching,Mari N Crabtree,on_spotify,strong,My Soul Is a Witness: The Traumatic Afterlife of Lynching,Mari N. Crabtree,Allyson Johnson,en,Unabridged edition,16,2zXI2jJnj6Od164DRKVmzA,https://open.spotify.com/show/2zXI2jJnj6Od164DRKVmzA,,,1.000,yes,yes,,2024-12-26,
My Twentieth Century Evening and Other Small Breakthroughs: The Nobel Lecture,Kazuo Ishiguro,on_spotify,strong,My Twentieth Century Evening and Other Small Breakthroughs: The Nobel Lecture,Kazuo Ishiguro,Kazuo Ishiguro,en,Unabridged edition,4,3TjVeg7qORf3JWlHuRzGmm,https://open.spotify.com/show/3TjVeg7qORf3JWlHuRzGmm,1,en,1.000,yes,yes,,2025-03-10,
Mythos: The Greek Myths Retold,Stephen Fry,on_spotify,strong,"Mythos: Discover the world of Zeus, Athena and Poseidon in the Greek Myths Retold",Stephen Fry,Stephen Fry,en,Unabridged edition,345,2STDvTDi2CzcPdzTymxVsx,https://open.spotify.com/show/2STDvTDi2CzcPdzTymxVsx,2,"sv, da",0.990,yes,,yes,2024-12-25,
Narconomics: How to Run a Drug Cartel,Tom Wainwright,on_spotify,strong,Narconomics: Cómo administrar un cartel de la droga,Tom Wainwright,Adrián Ogazón,es,Unabridged edition,15,25RzBcPEPNqE47YHtHWwhE,https://open.spotify.com/show/25RzBcPEPNqE47YHtHWwhE,1,nl,0.990,yes,,yes,2024-12-26,
"National Dish: Around the World in Search of Food, History, and the Meaning of Home",Anya von Bremzen,on_spotify,strong,"National Dish: Around the World in Search of Food, History, and the Meaning of Home",Anya von Bremzen,Kathleen Gati,en,Unabridged edition,16,74lgX1hbg0uTMDCokwsagj,https://open.spotify.com/show/74lgX1hbg0uTMDCokwsagj,,,1.000,yes,,yes,2024-12-26,
Native Nations: A Millennium in North America,Kathleen DuVal,on_spotify,strong,Native Nations: A Millennium in North America,Kathleen DuVal,Carolina Hoyos,en,Unabridged edition,32,0NkS2UtZMXMWot2diwgbMC,https://open.spotify.com/show/0NkS2UtZMXMWot2diwgbMC,,,1.000,yes,,yes,2024-12-26,
Natives: Race and Class in the Ruins of Empire,Akala,on_spotify,strong,Natives: Race and Class in the Ruins of Empire - The Sunday Times Bestseller,Akala,Akala,en,Unabridged edition,27,5su03LA3RjswJD3spD4wn7,https://open.spotify.com/show/5su03LA3RjswJD3spD4wn7,,,0.990,yes,,yes,2024-12-26,
Netochka Nezvanova,Fyodor Dostoevsky,on_spotify,strong,Netochka Nezvanova,Fyodor Dostoevsky,Digital Voice F. Hearts,en,Unabridged edition,11,0UYqyhjZ9QDq0KY3miMDv6,https://open.spotify.com/show/0UYqyhjZ9QDq0KY3miMDv6,,,1.000,yes,yes,,2024-12-24,
Nightbitch,Rachel Yoder,on_spotify,strong,Nightbitch: A Novel,Rachel Yoder,Cassandra Campbell,en,Unabridged edition,21,3sLXR2BhKrXDqL5Zf2YkQc,https://open.spotify.com/show/3sLXR2BhKrXDqL5Zf2YkQc,1,en,1.000,yes,,yes,2025-01-27,
Nights of Plague,Orhan Pamuk,on_spotify,strong,Nights of Plague: A novel,Orhan Pamuk,Amira Ghazalla,en,Unabridged edition,86,7lCXmlEOPOazZskUP17fr8,https://open.spotify.com/show/7lCXmlEOPOazZskUP17fr8,1,en,1.000,yes,,yes,2024-12-26,
No Meat Required: The Cultural History and Culinary Future of Plant-Based Eating,Alicia Kennedy,on_spotify,strong,No Meat Required: The Cultural History and Culinary Future of Plant-Based Eating,Alicia Kennedy,Stina Nielsen,en,Unabridged edition,13,7jjNLn2c5ngBBLgTLZRttA,https://open.spotify.com/show/7jjNLn2c5ngBBLgTLZRttA,,,1.000,yes,,yes,2024-12-26,
No One Is Talking About This,Patricia Lockwood,on_spotify,strong,No One Is Talking About This: A Novel,Patricia Lockwood,Kristen Sieh,en,Unabridged edition,16,16AYBmx0hfzjL06pMh7NR6,https://open.spotify.com/show/16AYBmx0hfzjL06pMh7NR6,1,en,1.000,yes,,yes,2024-12-25,
Nobody's Fool,Richard Russo,on_spotify,strong,Nobody's Fool,Richard Russo,Ron McLarty,en,Unabridged edition,221,32Kd0wz30Qyo3MbUdd2Fvw,https://open.spotify.com/show/32Kd0wz30Qyo3MbUdd2Fvw,,,1.000,yes,,yes,2025-02-17,
NW,Zadie Smith,on_spotify,strong,NW: A Novel,Zadie Smith,Karen Bryson; Don Gilet,en,Unabridged edition,80,2E5ut1NnJljHgiYM0MxRBV,https://open.spotify.com/show/2E5ut1NnJljHgiYM0MxRBV,1,en,1.000,yes,yes,,2024-12-24,
On Beauty,Zadie Smith,on_spotify,strong,On Beauty,Zadie Smith,Peter Francis James,en,Unabridged edition,39,3aowFC7nHNaIXCfChA62Ii,https://open.spotify.com/show/3aowFC7nHNaIXCfChA62Ii,2,en,1.000,yes,,yes,2024-12-24,
On the Shortness of Life,Seneca,on_spotify,strong,On the Shortness of Life,Seneca,Madison Neiderhauser,en,Unabridged edition,23,0jzSPDc5L6H9zOtxVhFeGn,https://open.spotify.com/show/0jzSPDc5L6H9zOtxVhFeGn,4,en,1.000,yes,,yes,2024-12-25,
One Of Our Kind,Nicola Yoon,on_spotify,strong,One of Our Kind: A novel,Nicola Yoon,Nicole Lewis,en,Unabridged edition,42,2GDD0Eouv9aeBNntk9DNR8,https://open.spotify.com/show/2GDD0Eouv9aeBNntk9DNR8,1,en,1.000,yes,,yes,2025-05-22,
"One Person, One Vote: A Surprising History of Gerrymandering in America",Nick Seabrook,on_spotify,strong,"One Person, One Vote: A Surprising History of Gerrymandering in America",Nick Seabrook,Reynaldo Piniella,en,Unabridged edition,20,6tYK10OIM2mD2UojQzOkiq,https://open.spotify.com/show/6tYK10OIM2mD2UojQzOkiq,,,1.000,yes,yes,,2024-12-26,
Open Throat,Henry Hoke,on_spotify,strong,Open Throat: 'An instant classic' - The Guardian,Henry Hoke,Pete Cross,en,Unabridged edition,32,5Z5wZG9Ku58CGQ890A8xr5,https://open.spotify.com/show/5Z5wZG9Ku58CGQ890A8xr5,,,0.990,yes,yes,,2026-09-12,
Open Water,Caleb Azumah Nelson,on_spotify,strong,Open Water: Winner of the Costa First Novel Award 2021,Caleb Azumah Nelson,Caleb Azumah Nelson,en,Unabridged edition,33,5OTaRzS1DamEwganY5s7F0,https://open.spotify.com/show/5OTaRzS1DamEwganY5s7F0,,,0.990,yes,,yes,2025-01-13,
Our Mutual Friend,Charles Dickens,on_spotify,strong,Our Mutual Friend,Charles Dickens,Mil Nickolson,en,Unabridged edition,71,4oMsmJXXEEgaJkTV7LReXf,https://open.spotify.com/show/4oMsmJXXEEgaJkTV7LReXf,8,en,1.000,yes,,yes,2024-12-25,
Our Share of Night,Mariana Enríquez,on_spotify,strong,Our Share of Night: A Novel,Mariana Enriquez,Frankie Corzo,en,Unabridged edition,30,0Llj1HxZSvYYVW1Tex64Dm,https://open.spotify.com/show/0Llj1HxZSvYYVW1Tex64Dm,,,1.000,yes,,yes,2024-12-26,
Out of the Sun: On Race and Storytelling,Esi Edugyan,on_spotify,strong,Out of the Sun: Essays at the Crossroads of Race,Esi Edugyan,Esi Edugyan,en,Unabridged edition,22,6YOnQIEnxU09YWP6NVySuo,https://open.spotify.com/show/6YOnQIEnxU09YWP6NVySuo,,,0.990,yes,yes,,2024-12-26,
Over Yonder,Sean Dietrich,on_spotify,strong,"Over Yonder: A Southern Small Town Novel of Redemption, Family Secrets, and Second Chances",Sean Dietrich,Sean Dietrich,en,Unabridged edition,76,52JobHHBvhJhjaHTAtWphl,https://open.spotify.com/show/52JobHHBvhJhjaHTAtWphl,,,0.990,yes,,yes,2025-10-27,
Pastoralia,George Saunders,on_spotify,strong,Pastoralia,George Saunders,George Saunders,en,Unabridged edition,10,3euzfQdTfxKUcpGISZzvbh,https://open.spotify.com/show/3euzfQdTfxKUcpGISZzvbh,,,1.000,yes,,yes,2026-06-28,
Paved Paradise: How Parking Explains the World,Henry Grabar,on_spotify,strong,Paved Paradise: How Parking Explains the World,Henry Grabar,Rob Shapiro,en,Unabridged edition,21,4cOxzR3eBcUhTqsfSNnPgm,https://open.spotify.com/show/4cOxzR3eBcUhTqsfSNnPgm,,,1.000,yes,,yes,2024-12-26,
Pedro Páramo,Juan Rulfo,on_spotify,strong,Pedro Páramo,Juan Rulfo,Thom Rivera,en,Unabridged edition,9,3v5lAMLOjY53SfKVZnEZf8,https://open.spotify.com/show/3v5lAMLOjY53SfKVZnEZf8,2,"en, es",1.000,yes,,yes,2024-12-26,
Permafrost,Eva Baltasar,on_spotify,strong,Permafrost,Eva Baltasar,Carla López,es,Unabridged edition,43,4PTlMkj53r6qFubZZNDU7T,https://open.spotify.com/show/4PTlMkj53r6qFubZZNDU7T,,,1.000,yes,,yes,2025-09-22,
Permanent Astonishment: A Memoir,Tomson Highway,on_spotify,strong,Permanent Astonishment: Growing Up Cree in the Land of Snow and Sky,Tomson Highway,Jimmy Blais,en,Unabridged edition,53,1ZIOyL6Sfhl4VRkI1utkId,https://open.spotify.com/show/1ZIOyL6Sfhl4VRkI1utkId,,,0.990,yes,,yes,2024-12-25,
Perspectives,Laurent Binet,on_spotify,strong,Perspectives: A bold and funny Renaissance thriller from the bestselling author of HHhH,Laurent Binet,Rachel Bavidge; John Sackville; Justin Avoth,en,Unabridged edition,183,7uQX7PPA87dw3KhMzCJ9Cd,https://open.spotify.com/show/7uQX7PPA87dw3KhMzCJ9Cd,,,0.990,yes,yes,,2026-09-23,
Persuasion,Jane Austen,on_spotify,strong,Persuasion,Jane Austen,Christopher Saylor,en,Unabridged edition,32,6ZDmiRhxN6Rtn47MxuQ7RK,https://open.spotify.com/show/6ZDmiRhxN6Rtn47MxuQ7RK,4,en,1.000,yes,,yes,2025-03-15,
Pesticide,Kim Hays,on_spotify,strong,Pesticide,Kim Hays,Tim Campbell; Romy Nordlinger,en,Unabridged edition,47,67sC9X6jVnSh4u1d6ERVt5,https://open.spotify.com/show/67sC9X6jVnSh4u1d6ERVt5,,,1.000,yes,,yes,2025-11-17,
Plagues Upon the Earth: Disease and the Course of Human History,Kyle Harper,on_spotify,strong,Plagues upon the Earth: Disease and the Course of Human History,Kyle Harper,Tim Fannon,en,Unabridged edition,41,5ZsSn9md7rlbsq4JtyGqHs,https://open.spotify.com/show/5ZsSn9md7rlbsq4JtyGqHs,,,1.000,yes,,yes,2024-12-25,
Plant Lady,Minyoung Kang,on_spotify,strong,Plant Lady: The gripping Korean psychological horror novel for fans of CONVENIENCE STORE WOMAN and MY SISTER THE SERIAL KILLER,Minyoung Kang,Jennifer J Kim,en,Unabridged edition,10,3RrcfPrKRZOiHG0CfVEljO,https://open.spotify.com/show/3RrcfPrKRZOiHG0CfVEljO,1,de,0.990,yes,,yes,2026-08-19,
Player Piano,Kurt Vonnegut,on_spotify,strong,Player Piano: A Novel,Kurt Vonnegut,Christian Rummel,en,Unabridged edition,38,6aHcLMZ2dkXxYEfafuffSd,https://open.spotify.com/show/6aHcLMZ2dkXxYEfafuffSd,,,1.000,yes,yes,,2025-07-07,
Playground,Richard Powers,on_spotify,strong,Playground: A Novel,Richard Powers,Edoardo Ballerini; Robin Siegerman; Eunice Wong; Pun Bandhu; Krys Janae; Kevin R Free,en,Unabridged edition,60,2pgTowvigOuSiqYNVONGgM,https://open.spotify.com/show/2pgTowvigOuSiqYNVONGgM,1,en,1.000,yes,yes,,2026-06-15,
Plunder: A Memoir of Family Property and Nazi Treasure,Menachem Kaiser,on_spotify,strong,Plunder: An Immersive Holocaust Adventure and a Grandson's Quest in Poland,Meir Menachem Kaiser,Meir Menachem Kaiser,en,Unabridged edition,20,628vIB5StDnNtnlvl2SPGK,https://open.spotify.com/show/628vIB5StDnNtnlvl2SPGK,,,0.990,yes,,yes,2024-12-25,
Pompeii,Robert Harris,on_spotify,strong,Pompeii,Robert Harris,Michael Cumpsty,en,Abridged edition,66,7ybW9nJaYXO53FhJZvNtfw,https://open.spotify.com/show/7ybW9nJaYXO53FhJZvNtfw,2,en,1.000,yes,,yes,2024-12-25,
Ponti,Sharlene Teo,on_spotify,strong,Ponti,Sharlene Teo,Vera Chok,en,Unabridged edition,27,5Une8WHcT1G51jtUsBebu0,https://open.spotify.com/show/5Une8WHcT1G51jtUsBebu0,,,1.000,yes,,yes,2025-03-17,
Poor Folk,Fyodor Dostoevsky,on_spotify,strong,Poor Folk,Fyodor Dostoevsky,Digital Voice Andrew E,en,Unabridged edition,55,2EQmSGE1gOwhTFkWob2Lkg,https://open.spotify.com/show/2EQmSGE1gOwhTFkWob2Lkg,4,en,1.000,yes,,yes,2024-12-24,
"Postcolonial Astrology: Reading the Planets Through Capital, Power, and Labor",Alice Sparkly Kat,on_spotify,strong,"Postcolonial Astrology: Reading the Planets through Capital, Power, and Labor",Alice Sparkly Kat,Heni Zoutomou,en,Unabridged edition,16,4tnHFtf89lgBvKFgmGoxdE,https://open.spotify.com/show/4tnHFtf89lgBvKFgmGoxdE,,,1.000,yes,yes,,2024-12-26,
Pox Romana: The Plague That Shook the Roman World,Colin Elliott,on_spotify,strong,Pox Romana: The Plague That Shook the Roman World,Colin Elliott,Cassandra Campbell,en,Unabridged edition,18,4XbWUYIy4qefmO1mqW8WTy,https://open.spotify.com/show/4XbWUYIy4qefmO1mqW8WTy,,,1.000,yes,,yes,2024-12-26,
Pride and Prejudice,Jane Austen,on_spotify,strong,Pride and Prejudice,Jane Austen,Kate Redding,en,Unabridged edition,127,1KYEMj26rQOkaYOSBSidB4,https://open.spotify.com/show/1KYEMj26rQOkaYOSBSidB4,2,en,1.000,yes,yes,,2024-12-26,
Prophet Song,Paul Lynch,on_spotify,strong,Prophet Song,Paul Lynch,Gerry O'Brien,en,Unabridged edition,10,2DJzinbv1qTiWjrQQTelVF,https://open.spotify.com/show/2DJzinbv1qTiWjrQQTelVF,,,1.000,yes,,yes,2025-04-07,
Purple Threads,Jeanine Leane,on_spotify,strong,Purple Threads,Jeanine Leane,Shontane Farmer,en,Unabridged edition,17,5xC5KfJ1NYmUi7J3FFaDs1,https://open.spotify.com/show/5xC5KfJ1NYmUi7J3FFaDs1,,,1.000,yes,,yes,2025-03-31,
Putin,Philip Short,on_spotify,strong,Putin: The explosive and extraordinary new biography of Russia’s leader,Philip Short,Jonathan Keeble,en,Unabridged edition,36,0qfaWw1ktopipyxAGxtrXS,https://open.spotify.com/show/0qfaWw1ktopipyxAGxtrXS,,,0.990,yes,,yes,2024-12-26,
Qualityland,Marc-Uwe Kling,on_spotify,strong,"Qualityland: Visit Tomorrow, Today!",Marc-Uwe Kling,Patricia Rodriguez,en,Unabridged edition,63,5eGqnfriIb78sgc14AeWaL,https://open.spotify.com/show/5eGqnfriIb78sgc14AeWaL,4,"de, fi, es",0.990,yes,yes,,2025-02-10,
Queer,William S. Burroughs,on_spotify,strong,Queer,William S. Burroughs,Multiple Narrators; Andrew Garman; T. Ryder Smith,en,Unabridged edition,18,6d33Gg30zgy8uijYzzcX8T,https://open.spotify.com/show/6d33Gg30zgy8uijYzzcX8T,,,1.000,yes,,yes,2024-12-24,
Reading Lolita in Tehran: A Memoir in Books,Azar Nafisi,on_spotify,strong,Reading Lolita in Tehran: A Memoir in Books,Azar Nafisi,Azar Nafisi,en,Unabridged edition,180,4UXlvJYbudO03uqdVivhzp,https://open.spotify.com/show/4UXlvJYbudO03uqdVivhzp,,,1.000,yes,yes,,2024-12-26,
Ready Player One,Ernest Cline,on_spotify,strong,Ready Player One,Ernest Cline,Wil Wheaton,en,Unabridged edition,223,7Jddx8uDOR51Mcr8ecfVY6,https://open.spotify.com/show/7Jddx8uDOR51Mcr8ecfVY6,3,"fi, de, es",1.000,yes,yes,,2025-03-25,
Real Estate,Deborah Levy,on_spotify,strong,Real Estate: Living Autobiography 3,Deborah Levy,Juliet Stevenson,en,Unabridged edition,17,7bK8yf507jV44rRMEdDbBM,https://open.spotify.com/show/7bK8yf507jV44rRMEdDbBM,,,0.990,yes,,yes,2024-12-26,
Rebecca,Daphne du Maurier,on_spotify,strong,Rebecca: The classic gothic thriller,Daphne Du Maurier,Holliday Grainger,en,Unabridged edition,31,4LrAo4iwbnEYErqkE7E8HK,https://open.spotify.com/show/4LrAo4iwbnEYErqkE7E8HK,1,en,0.990,yes,,yes,2025-02-22,
Red at the Bone,Jacqueline Woodson,on_spotify,strong,Red at the Bone: A Novel,Jacqueline Woodson,Jacqueline Woodson; Quincy Tyler Bernstine; Peter Francis James; Shayna Small; Bahni Turpin,en,Unabridged edition,26,0xnQh7rg2ApJ9OuNEEfN8J,https://open.spotify.com/show/0xnQh7rg2ApJ9OuNEEfN8J,1,en,1.000,yes,,yes,2024-12-26,
"Red Memory: Living, Remembering and Forgetting China's Cultural Revolution",Tania Branigan,on_spotify,strong,Red Memory: The Afterlives of China's Cultural Revolution,Tania Branigan,Tania Branigan,en,Unabridged edition,15,7A2JKiDOPb4mWlSQVbYldp,https://open.spotify.com/show/7A2JKiDOPb4mWlSQVbYldp,,,0.990,yes,,yes,2024-12-26,
Rejection,Tony Tulathimutte,on_spotify,strong,Rejection: Fiction,Tony Tulathimutte,Micky Shiloah; Allyson Ryan; Quincy Surasmith; Dan Bittner; André Santana; Marcha Kia; Eunice Wong; Madeleine Maby,en,Unabridged edition,16,1nDfveF8EQMgEo6ElREgn2,https://open.spotify.com/show/1nDfveF8EQMgEo6ElREgn2,1,en,0.990,yes,yes,,2025-09-01,
Revolutionary Spring: Fighting for a New World 1848-1849,Christopher Clark,on_spotify,strong,Revolutionary Spring: Fighting for a New World 1848-1849,Christopher Clark,Christopher Clark,en,Unabridged edition,80,2HEQ8xybBeXOT432JEI2H9,https://open.spotify.com/show/2HEQ8xybBeXOT432JEI2H9,1,en,1.000,yes,,yes,2024-12-26,
Rise and Kill First: The Secret History of Israel's Targeted Assassinations,Ronen Bergman,on_spotify,strong,Rise and Kill First: The Secret History of Israel's Targeted Assassinations,Ronen Bergman,Rob Shapiro,en,Unabridged edition,42,37Wu48QMju0c5bEDAGcGNo,https://open.spotify.com/show/37Wu48QMju0c5bEDAGcGNo,1,en,1.000,yes,,yes,2024-12-25,
Risk Savvy: How to Make Good Decisions,Gerd Gigerenzer,on_spotify,strong,Risk Savvy: How to Make Good Decisions,Gerd Gigerenzer,Al Kessel,en,Unabridged edition,14,5KdfAg0DLgANo4aY4gv0Ly,https://open.spotify.com/show/5KdfAg0DLgANo4aY4gv0Ly,,,1.000,yes,,yes,2024-12-26,
River Kings: A New History of Vikings from Scandinavia to the Silk Roads,Cat Jarman,on_spotify,strong,River Kings: A New History of Vikings from Scandinavia to the Silk Roads,Cat Jarman,Cat Jarman,en,Unabridged edition,26,5Lx6WdMNVRNaPSFGDrKHlX,https://open.spotify.com/show/5Lx6WdMNVRNaPSFGDrKHlX,1,en,1.000,yes,,yes,2024-12-25,
Roman Stories,Jhumpa Lahiri,on_spotify,strong,Roman Stories,Jhumpa Lahiri,Deepti Gupta; Carlotta Brentan; Cassandra Campbell; Ari Fliakos; Michael Obiora,en,Unabridged edition,14,2QLob4HV70ypBm5Sxx4XrM,https://open.spotify.com/show/2QLob4HV70ypBm5Sxx4XrM,1,en,1.000,yes,,yes,2024-12-24,
"Ruin Their Crops on the Ground: The Politics of Food in the United States, from the Trail of Tears to School Lunch",Andrea Freeman,on_spotify,strong,"Ruin Their Crops on the Ground: The Politics of Food in the United States, from the Trail of Tears to School Lunch",Andrea Freeman,Heni Zoutomou,en,Unabridged edition,14,1MNkZBOuKrcYV61hgSKdAI,https://open.spotify.com/show/1MNkZBOuKrcYV61hgSKdAI,,,1.000,yes,,yes,2024-12-25,
Rules of Civility,Amor Towles,on_spotify,strong,Rules of Civility: A Novel,Amor Towles,Rebecca Lowman,en,Unabridged edition,33,58TZWv0hBNMVhArYIgNXoT,https://open.spotify.com/show/58TZWv0hBNMVhArYIgNXoT,1,en,1.000,yes,,yes,2024-12-26,
Rules: A Short History of What We Live by,Lorraine Daston,on_spotify,strong,Rules: A Short History of What We Live By,Lorraine Daston,Kitty Hendrix,en,Unabridged edition,17,2HHrGUUw6hMOEvparrjYo6,https://open.spotify.com/show/2HHrGUUw6hMOEvparrjYo6,,,1.000,yes,,yes,2024-12-26,
Running with Scissors,Augusten Burroughs,on_spotify,strong,Running with Scissors: A Memoir,Augusten Burroughs,Augusten Burroughs,en,Unabridged edition,26,1LT2VPHSGUaxzIWbazMoPM,https://open.spotify.com/show/1LT2VPHSGUaxzIWbazMoPM,1,en,1.000,yes,,yes,2024-12-24,
Rural: The Lives of the Working Class Countryside,Rebecca Smith,on_spotify,strong,Rural: The Lives of the Working Class Countryside,Rebecca Smith,Rebecca Smith,en,Unabridged edition,16,0xquqP4NbqSxg6j0H9YFRc,https://open.spotify.com/show/0xquqP4NbqSxg6j0H9YFRc,,,1.000,yes,,yes,2024-12-26,
"Russia in Flames: War, Revolution, Civil War, 1914 - 1921",Laura Engelstein,on_spotify,strong,"Russia in Flames: War, Revolution, Civil War, 1914 - 1921",Laura Engelstein,Anne Flosnik,en,Unabridged edition,10,31fZaPVmPtU5BVlfNTV8xT,https://open.spotify.com/show/31fZaPVmPtU5BVlfNTV8xT,,,1.000,yes,,yes,2024-12-25,
Salvage the Bones,Jesmyn Ward,on_spotify,strong,Salvage the Bones: A Novel,Jesmyn Ward,January LaVoy,en,Unabridged edition,17,6Pk4lh7lpIkmWaweNsv2zx,https://open.spotify.com/show/6Pk4lh7lpIkmWaweNsv2zx,1,en,1.000,yes,,yes,2024-12-26,
Scaffolding,Lauren Elkin,on_spotify,strong,Scaffolding,Lauren Elkin,Lauren Elkin,en,Unabridged edition,13,2DtQ2RHe0opNOyVRennH3J,https://open.spotify.com/show/2DtQ2RHe0opNOyVRennH3J,,,1.000,yes,yes,,2025-09-08,
Scatterlings,Rešoketšwe Manenzhe,on_spotify,strong,Scatterlings: A Novel,Resoketswe Martha Manenzhe,Christel Mutombo,en,Unabridged edition,80,5tb5ltTldMlyBqidsVsBin,https://open.spotify.com/show/5tb5ltTldMlyBqidsVsBin,,,1.000,yes,yes,,2024-12-26,
Sea of Poppies,Amitav Ghosh,on_spotify,strong,Sea of Poppies: Ibis Trilogy Book 1,Amitav Ghosh,Kish Sharma,en,Unabridged edition,44,6DxOaItGEGG90gP3w2gc95,https://open.spotify.com/show/6DxOaItGEGG90gP3w2gc95,,,0.990,yes,,yes,2024-12-26,
Selected Stories of Anton Chekhov,Anton Chekhov,on_spotify,strong,Selected Stories of Anton Chekhov,Anton Chekhov; Richard Pevear,Jim Frangione,en,Unabridged edition,41,42bN5fxTIFkl3Ni8z9iWcg,https://open.spotify.com/show/42bN5fxTIFkl3Ni8z9iWcg,,,1.000,yes,,yes,2024-12-25,
Shadow Tag,Louise Erdrich,on_spotify,strong,Shadow Tag: A Novel,Louise Erdrich,Coleen Marlo,en,Unabridged edition,17,6L22nvKnTYfYrt1nfjjWtT,https://open.spotify.com/show/6L22nvKnTYfYrt1nfjjWtT,,,1.000,yes,,yes,2025-09-25,
Shattered Lands: Five Partitions and the Making of Modern Asia,Sam Dalrymple,on_spotify,strong,Shattered Lands: Five Partitions and the Making of Modern Asia,Sam Dalrymple,Sam Dalrymple,en,Unabridged edition,19,4hODh2HnObt7SJtIx553hv,https://open.spotify.com/show/4hODh2HnObt7SJtIx553hv,1,en,1.000,yes,yes,,2025-08-31,
Shifting Sands: A Human History of the Sahara,Judith Scheele,on_spotify,strong,Shifting Sands: A Human History of the Sahara,Judith Scheele,Lucy Paterson,en,Unabridged edition,18,14DtZGVqPPRAmiMRGYKOCV,https://open.spotify.com/show/14DtZGVqPPRAmiMRGYKOCV,,,1.000,yes,,yes,2025-07-07,
Shooting an Elephant,George Orwell,on_spotify,strong,Shooting an Elephant,George Orwell,Arthur Lane,en,Unabridged edition,2,1NnROPFmAj4QrfRbrH13Rc,https://open.spotify.com/show/1NnROPFmAj4QrfRbrH13Rc,2,en,1.000,yes,,yes,2024-12-24,
Shosha,Isaac Bashevis Singer,on_spotify,strong,Shosha,Isaac Bashevis Singer,Troels Møller,da,Unabridged edition,135,4zapiRL8KxHJDgZGnxb8Fy,https://open.spotify.com/show/4zapiRL8KxHJDgZGnxb8Fy,,,1.000,yes,,yes,2024-12-26,
"Shoulder to Shoulder: A History of Solidarity, Coalition and Chaos",Jake Hall,on_spotify,strong,Shoulder to Shoulder: The Best Queer History Book You'll Read This Year: 'Enticing and nuanced' Travis Alabanza,Jake Hall,Jake Hall; Octavia Nyombi,en,Unabridged edition,19,2IS9kxqGgh06CS5eSHGiYf,https://open.spotify.com/show/2IS9kxqGgh06CS5eSHGiYf,,,0.990,yes,,yes,2024-12-26,
Shōgun,James Clavell,on_spotify,strong,"Shōgun, Part Two",James Clavell,Ralph Lister,en,Unabridged edition,35,7f5hBw5kD3uIUKvLPQVrHA,https://open.spotify.com/show/7f5hBw5kD3uIUKvLPQVrHA,4,"en, nl, de, es",1.000,yes,yes,,2025-03-24,
Siddhartha,Hermann Hesse,on_spotify,strong,Siddhartha,Hermann Hesse,Paul Ansdell,en,Unabridged edition,26,7fs1lcwcNxgHmaEIdup3pg,https://open.spotify.com/show/7fs1lcwcNxgHmaEIdup3pg,7,"en, de",1.000,yes,yes,,2024-12-26,
Signs Preceding the End of the World,Yuri Herrera,on_spotify,strong,Signs Preceding the End of the World,Yuri Herrera,Patricia Rodriguez,en,Unabridged edition,11,3QYnQZIgh0hY40cDqT23kc,https://open.spotify.com/show/3QYnQZIgh0hY40cDqT23kc,,,1.000,yes,,yes,2024-12-26,
"Sing, Unburied, Sing",Jesmyn Ward,on_spotify,strong,"Sing, Unburied, Sing: A Novel",Jesmyn Ward,"Kelvin Harrison, Jr.; Chris Chalk; Rutina Wesley",en,Unabridged edition,20,62Xxnn6dwFR20Mzs01uPQI,https://open.spotify.com/show/62Xxnn6dwFR20Mzs01uPQI,,,1.000,yes,,yes,2024-12-26,
Sins of the Cities of the Plain,Jack Saul,on_spotify,strong,The Sins of the Cities of the Plain: An Unforgettable Plot Elevated by World-Class Audio Engineering,Jack Saul,Sophia Mary,en,Unabridged edition,5,25vLO0Zcqer7PVYny1hE6W,https://open.spotify.com/show/25vLO0Zcqer7PVYny1hE6W,1,en,0.990,yes,yes,,2024-12-26,
Six Degrees of Separation: A Play,John Guare,on_spotify,strong,Six Degrees of Separation,John Guare,Alan Alda; Full Cast,en,Unabridged edition,7,0bZ2I8sv1PkPHxLy0D1Lb7,https://open.spotify.com/show/0bZ2I8sv1PkPHxLy0D1Lb7,,,0.990,yes,,yes,2025-12-08,
Slouch: Posture Panic in Modern America,Beth Linker,on_spotify,strong,Slouch: Posture Panic in Modern America,Beth Linker,Laurel Lefkow,en,Unabridged edition,17,6BPSNlgXnSWjfJ0NUBZmGH,https://open.spotify.com/show/6BPSNlgXnSWjfJ0NUBZmGH,,,1.000,yes,,yes,2024-12-26,
Smoke,Ivan Turgenev,on_spotify,strong,Smoke,Ivan Turgenev,Stuart Langton,en,Unabridged edition,29,5sHfjcgYBhsIbMfPyF418b,https://open.spotify.com/show/5sHfjcgYBhsIbMfPyF418b,1,en,1.000,yes,yes,,2024-12-25,
Snow,Orhan Pamuk,on_spotify,strong,Snow: A Novel,Orhan Pamuk,John Lee,en,Unabridged edition,263,669Z2cenxdUm3FEazSwyKW,https://open.spotify.com/show/669Z2cenxdUm3FEazSwyKW,1,en,1.000,yes,,yes,2024-12-26,
Solaris,Stanisław Lem,on_spotify,strong,Solaris: Classic Radio Sci-Fi,Stanislaw Lem; Hattie Naylor,Full Cast; Joanne Froggatt; Ron Cook,en,Unabridged edition,3,5nsZLVRVHiNd8EIu3Mf3Ho,https://open.spotify.com/show/5nsZLVRVHiNd8EIu3Mf3Ho,2,"de, es",0.990,yes,,yes,2025-09-03,
Some Strange Music Draws Me In,Griffin Hansbury,on_spotify,strong,Some Strange Music Draws Me In,Griffin Hansbury,Oliver James Parkins,en,Unabridged edition,28,1SuniJT1clfMMzce5R73iI,https://open.spotify.com/show/1SuniJT1clfMMzce5R73iI,,,1.000,yes,,yes,2025-08-17,
Someone Who Will Love You in All Your Damaged Glory: Stories,Raphael Bob-Waksberg,on_spotify,strong,Someone Who Will Love You in All Your Damaged Glory: Stories,Raphael Bob-Waksberg,Raphael Bob-Waksberg; Baron Vaughn; James Urbaniak; Kimiko Glenn; Colman Domingo; Natalie Morales; Raúl Esparza; Will Brill; Stephanie Beatriz; Emma Galvin; Nicholas Gonzalez,en,Unabridged edition,21,4KY5YwCKFoBTOzxL8j5oQE,https://open.spotify.com/show/4KY5YwCKFoBTOzxL8j5oQE,,,1.000,yes,,yes,2026-06-22,
Spinning Silver,Naomi Novik,on_spotify,strong,Spinning Silver: A Novel,Naomi Novik,Lisa Flanagan,en,Unabridged edition,28,5tcG0GXRs1HF04tufUkVNr,https://open.spotify.com/show/5tcG0GXRs1HF04tufUkVNr,1,en,1.000,yes,,yes,2024-12-26,
Stalingrad,Vasily Grossman,on_spotify,strong,Stalingrad,Vasily Grossman,Elliot Levey,en,Unabridged edition,178,0sqInUKzdmMsfeKYbW1Hwj,https://open.spotify.com/show/0sqInUKzdmMsfeKYbW1Hwj,1,en,1.000,yes,,yes,2024-12-26,
Still Life,Louise Penny,on_spotify,strong,Still Life: thrilling and page-turning crime fiction from the author of the bestselling Inspector Gamache novels,Louise Penny,Adam Sims,en,Unabridged edition,46,1ClSARyTjRj9EYkQUDUXTF,https://open.spotify.com/show/1ClSARyTjRj9EYkQUDUXTF,1,en,0.990,yes,,yes,2024-12-26,
Stone Mattress,Margaret Atwood,on_spotify,strong,Stone Mattress: Nine Tales,Margaret Atwood,Margaret Atwood; Rob Delaney; Mark Bramhall; Lorna Raver; Arthur Morey; Emily Rankin; Bernadette Dunne,en,Unabridged edition,12,7gIzUAWqg0mbwAHGauZyzV,https://open.spotify.com/show/7gIzUAWqg0mbwAHGauZyzV,1,en,0.990,yes,,yes,2024-12-30,
Strange Flowers,Donal Ryan,on_spotify,strong,Strange Flowers: A Novel,Donal Ryan,Donna Nikolaisen,en,Unabridged edition,17,7rwnzaH6Wb42iSYJtICrG1,https://open.spotify.com/show/7rwnzaH6Wb42iSYJtICrG1,1,en,1.000,yes,,yes,2026-07-21,
Strange Pictures,Uketsu,on_spotify,strong,Strange Pictures: An Eerie Journey through disturbing drawings – the debut novel from a mystery horror YouTube sensation,Uketsu,Andrew Grace,en,Unabridged edition,11,31LHEAbrtUD8uHEVUAQDZr,https://open.spotify.com/show/31LHEAbrtUD8uHEVUAQDZr,2,"en, fr",0.990,yes,yes,,2026-09-25,
Strange Pilgrims,Gabriel García Márquez,on_spotify,strong,Strange Pilgrims: Twelve Stories by Gabriel García Márquez,Gabriel García Márquez,Frankie Corzo; Christopher Salazar,en,Unabridged edition,14,6mhfL5sFJPzKyTHK5RBAzd,https://open.spotify.com/show/6mhfL5sFJPzKyTHK5RBAzd,,,0.990,yes,yes,,2024-12-24,
"Streams of Gold, Rivers of Blood: The Rise and Fall of Byzantium, 955 A.D. to the First Crusade",Anthony Kaldellis,on_spotify,strong,"Streams of Gold, Rivers of Blood: The Rise and Fall of Byzantium, 955 A.D. to the First Crusade",Anthony Kaldellis,Nigel Patterson,en,Unabridged edition,27,3XjFvJrEvWVyeZ8sNLspKj,https://open.spotify.com/show/3XjFvJrEvWVyeZ8sNLspKj,,,1.000,yes,,yes,2024-12-25,
Stupeur et tremblements,Amélie Nothomb,on_spotify,strong,Stupeur et tremblements,Amélie Nothomb,Françoise Gillard,fr,Unabridged edition,14,3YZokj1UNftANy434AQRRt,https://open.spotify.com/show/3YZokj1UNftANy434AQRRt,,,1.000,yes,,yes,2025-11-10,
Summer,Ali Smith,on_spotify,strong,Summer: Winner of the Orwell Prize for Fiction,Ali Smith,Adjoa Andoh,en,Unabridged edition,16,49EOoyGaFnOJ1tMkokoyaN,https://open.spotify.com/show/49EOoyGaFnOJ1tMkokoyaN,,,0.990,yes,,yes,2024-12-25,
Super Nintendo: How One Japanese Company Helped the World Have Fun,Keza MacDonald,on_spotify,strong,Super Nintendo: How One Japanese Company Helped the World Have Fun,Keza MacDonald,Keza MacDonald,en,Unabridged edition,19,774bR50h3ZtBVuQ45PiCh2,https://open.spotify.com/show/774bR50h3ZtBVuQ45PiCh2,,,1.000,yes,yes,,2026-08-02,
Sweet Bean Paste,Durian Sukegawa,on_spotify,strong,Sweet Bean Paste,Durian Sukegawa,Cindy Kay,en,Unabridged edition,31,35FkZeKImIjtoRkclLfAXR,https://open.spotify.com/show/35FkZeKImIjtoRkclLfAXR,,,1.000,yes,,yes,2025-01-17,
Sweet Thursday,John Steinbeck,on_spotify,strong,Sweet Thursday,John Steinbeck,Jerry Farden,en,Unabridged edition,41,7rkTgHvLLAi8MhCBTtvVoA,https://open.spotify.com/show/7rkTgHvLLAi8MhCBTtvVoA,1,en,1.000,yes,,yes,2025-05-29,
Swimming Home,Deborah Levy,on_spotify,strong,Swimming Home,Deborah Levy,Sophie Ward,en,Unabridged edition,10,6MeYe2XYUyO1ONb8KAHliI,https://open.spotify.com/show/6MeYe2XYUyO1ONb8KAHliI,,,1.000,yes,,yes,2024-12-26,
Swimming in Paris,Colombe Schneck,on_spotify,strong,Swimming in Paris: A Life in Three Stories,Colombe Schneck,Hillary Huber,en,Unabridged edition,63,0H3BGq4YvfHb3UGfO0bjTr,https://open.spotify.com/show/0H3BGq4YvfHb3UGfO0bjTr,,,0.990,yes,,yes,2025-06-02,
Swing Time,Zadie Smith,on_spotify,strong,Swing Time,Zadie Smith,Pippa Bennett-Warner,en,Unabridged edition,125,2ES0YT5vfsTnoJOnakatD9,https://open.spotify.com/show/2ES0YT5vfsTnoJOnakatD9,2,"en, fr",1.000,yes,,yes,2024-12-24,
Tai-Pan,James Clavell,on_spotify,strong,Tai-Pan: The Epic Novel of the Founding of Hong Kong,James Clavell,Gildart Jackson,en,Unabridged edition,51,1LGD5ql6mbupG9mtTtY1b5,https://open.spotify.com/show/1LGD5ql6mbupG9mtTtY1b5,1,pl,0.990,yes,yes,,2024-12-26,
Tell Me How It Ends: An Essay In Forty Questions,Valeria Luiselli,on_spotify,strong,Tell Me How it Ends: An Essay in Forty Questions,Valeria Luiselli,Laurence Bouvard,en,Unabridged edition,9,1HpI2ts0F4EoCtDbEd8PnR,https://open.spotify.com/show/1HpI2ts0F4EoCtDbEd8PnR,1,en,1.000,yes,,yes,2024-12-26,
"Tenth of December: A Thousand and Ninety-Eight Victories, a Couple of Irrelevant Losses, and a Life in Perspective",George Saunders,on_spotify,strong,Tenth of December: Stories,George Saunders,George Saunders,en,Unabridged edition,13,4T7s1mccaauYAF94xTAP7h,https://open.spotify.com/show/4T7s1mccaauYAF94xTAP7h,1,en,0.990,yes,,yes,2026-06-28,
The Adolescent,Fyodor Dostoevsky,on_spotify,strong,"The Adolescent, Part 1",Fyodor Dostoevsky,Raphael Croft,en,Unabridged edition,25,3Yqmjdk8OHKRxN4NliGzqJ,https://open.spotify.com/show/3Yqmjdk8OHKRxN4NliGzqJ,2,en,1.000,yes,yes,,2024-12-24,
The Anxious Generation: How The Great Rewiring of Childhood is Causing an Epidemic of Mental Illness,Jonathan Haidt,on_spotify,strong,The Anxious Generation: How the Great Rewiring of Childhood Is Causing an Epidemic of Mental Illness,Jonathan Haidt,Sean Pratt,en,Unabridged edition,23,71Soj98Fa5dAzA5220Yho0,https://open.spotify.com/show/71Soj98Fa5dAzA5220Yho0,1,en,1.000,yes,,yes,2025-11-17,
The Art of Fielding,Chad Harbach,on_spotify,strong,The Art of Fielding: A Novel,Chad Harbach,Holter Graham,en,Unabridged edition,86,735JGjEL0J4ss3XnbiKFZy,https://open.spotify.com/show/735JGjEL0J4ss3XnbiKFZy,1,en,1.000,yes,,yes,2024-12-26,
The Axeman's Carnival,Catherine Chidgey,on_spotify,strong,The Axeman's Carnival,Catherine Chidgey,Nic Sampson,en,Unabridged edition,33,6einhFK1GJu9zczjtwvBBd,https://open.spotify.com/show/6einhFK1GJu9zczjtwvBBd,,,1.000,yes,,yes,2024-12-24,
The Beach at Night,Elena Ferrante,on_spotify,strong,The Beach at Night,Elena Ferrante,Natalie Portman,en,Unabridged edition,2,2ZPCZCMbtip0bXtHu65ZdY,https://open.spotify.com/show/2ZPCZCMbtip0bXtHu65ZdY,,,1.000,yes,,yes,2024-12-24,
The Bee Sting,Paul Murray,on_spotify,strong,The Bee Sting: Comedy meets tragedy in this hilarious Booker Prize shortlisted novel,Paul Murray,Heather O’Sullivan; Barry Fitzgerald; Beau Holland; Ciaran O'Brien; Lisa Caruccio Came,en,Unabridged edition,52,1zPhe2ORInUnzDa7Ur8Mj2,https://open.spotify.com/show/1zPhe2ORInUnzDa7Ur8Mj2,,,0.990,yes,yes,,2025-12-08,
The Beet Queen,Louise Erdrich,on_spotify,strong,The Beet Queen: A Novel,Louise Erdrich,Pallas Erdrich,en,Unabridged edition,61,4LAwZ89VRyrnxy5HYbUZhI,https://open.spotify.com/show/4LAwZ89VRyrnxy5HYbUZhI,,,1.000,yes,,yes,2025-09-25,
The Berlin Stories: The Last of Mr Norris & Goodbye to Berlin,Christopher Isherwood,on_spotify,strong,The Berlin Stories,Christopher Isherwood,Michael York,en,Abridged edition,22,03cDnUkisWhdTYnxklzPCQ,https://open.spotify.com/show/03cDnUkisWhdTYnxklzPCQ,,,0.990,yes,,yes,2024-12-24,
The Betrothed,Alessandro Manzoni,on_spotify,strong,The Betrothed: A Novel,Alessandro Manzoni; Jhumpa Lahiri,Ari Fliakos; Susan Vinciotti Bonito,en,Unabridged edition,45,23JcR1uo6V4vmq2Ie3qtjQ,https://open.spotify.com/show/23JcR1uo6V4vmq2Ie3qtjQ,3,en,1.000,yes,,yes,2024-12-25,
The Birchbark House,Louise Erdrich,on_spotify,strong,The Birchbark House,Louise Erdrich,Louise Erdrich,en,Unabridged edition,28,6xD1MLtcRPspexMlK5zs4b,https://open.spotify.com/show/6xD1MLtcRPspexMlK5zs4b,,,1.000,yes,,yes,2025-09-25,
The Black Book,Orhan Pamuk,on_spotify,strong,The Black Book: Winner of the Nobel Prize in Literature,Orhan Pamuk,John Lee,en,Unabridged edition,42,3jjjQntXgETjKoMlDpbqkL,https://open.spotify.com/show/3jjjQntXgETjKoMlDpbqkL,,,0.990,yes,,yes,2024-12-26,
"The Black Period: On Personhood, Race, and Origin",Hafizah Augustus Geter,on_spotify,strong,"The Black Period: On Personhood, Race, and Origin",Hafizah Augustus Geter,Hafizah Augustus Geter,en,Unabridged edition,22,6UNMXG6CxENrDOOIxptBYT,https://open.spotify.com/show/6UNMXG6CxENrDOOIxptBYT,,,1.000,yes,yes,,2024-12-26,
The Blind Assassin,Margaret Atwood,on_spotify,strong,The Blind Assassin,Margaret Atwood,Margot Dionne,en,Unabridged edition,23,53VNZwSSH2Gh0AYEJFNafk,https://open.spotify.com/show/53VNZwSSH2Gh0AYEJFNafk,2,en,1.000,yes,yes,,2024-12-26,
The Body Builders,Albertine Clarke,on_spotify,strong,The Body Builders: A Novel,Albertine Clarke,Ebony Jonelle,en,Unabridged edition,9,2fLTENaIkkAA8mBicSnjrG,https://open.spotify.com/show/2fLTENaIkkAA8mBicSnjrG,,,1.000,yes,,yes,2026-03-23,
The Bonfire of the Vanities,Tom Wolfe,on_spotify,strong,The Bonfire of the Vanities,Tom Wolfe,Todd Boyce,en,Unabridged edition,44,1o4yzGbdpngGpiri5yQDUc,https://open.spotify.com/show/1o4yzGbdpngGpiri5yQDUc,1,en,1.000,yes,,yes,2024-12-26,
The Book of Delights: Essays,Ross Gay,on_spotify,strong,The Book of (More) Delights: Essays,Ross Gay,Ross Gay,en,Unabridged edition,87,61exUlddwNCRQHUG3lIbMv,https://open.spotify.com/show/61exUlddwNCRQHUG3lIbMv,1,en,1.000,yes,,yes,2024-12-26,
The Book of Night Women,Marlon James,on_spotify,strong,The Book of Night Women,Marlon James,Robin Miles,en,Unabridged edition,34,5XKREpqhqu6gam0hkiHzCJ,https://open.spotify.com/show/5XKREpqhqu6gam0hkiHzCJ,,,1.000,yes,,yes,2024-12-26,
The Book of Not,Tsitsi Dangarembga,on_spotify,strong,The Book of Not,Tsitsi Dangarembga,Chipo Chung,en,Unabridged edition,30,3ps22gBoowAFDYTlVztvMn,https://open.spotify.com/show/3ps22gBoowAFDYTlVztvMn,,,1.000,yes,,yes,2024-12-24,
The Boy with a Bird in His Chest,Emme Lund,on_spotify,strong,The Boy with a Bird in His Chest: A Novel,Emme Lund,Nicky Endres,en,Unabridged edition,82,7kl5EIol03ainj8nP2NKou,https://open.spotify.com/show/7kl5EIol03ainj8nP2NKou,,,1.000,yes,,yes,2024-12-26,
The Burning God,R.F. Kuang,on_spotify,strong,"The Burning God: Tik Tok showed me this award-winning historical fantasy trilogy (The Poppy War, Book 3)",R.F. Kuang,Emily Woo Zeller,en,Unabridged edition,41,147u0qEFZvbkFa0D8Rdztr,https://open.spotify.com/show/147u0qEFZvbkFa0D8Rdztr,,,0.990,yes,,yes,2025-03-03,
The Cabinet,Un-su Kim,on_spotify,strong,The Cabinet,Un-su Kim,Jun Hwang,en,Unabridged edition,36,5U9iV4QbUdc5c7TPqbBBdg,https://open.spotify.com/show/5U9iV4QbUdc5c7TPqbBBdg,,,1.000,yes,,yes,2026-01-01,
The Cellist of Sarajevo,Steven Galloway,on_spotify,strong,The Cellist of Sarajevo,Steven Galloway,Gareth Armstrong,en,Unabridged edition,55,0SnEUpKexJS3VZNHrohiiO,https://open.spotify.com/show/0SnEUpKexJS3VZNHrohiiO,,,1.000,yes,,yes,2024-12-25,
The Cherry Orchard,Anton Chekhov,on_spotify,strong,The Cherry Orchard,Anton Chekhov,Andrew Sachs; Anna Massey; Full Cast; Gwen Ffrangcon-Davies; Patricia Routledge; Sinead Cusack,en,Unabridged edition,3,1X5by4dmh7BYersv5Tg7iw,https://open.spotify.com/show/1X5by4dmh7BYersv5Tg7iw,,,1.000,yes,,yes,2024-12-25,
The Childhood of Jesus,J.M. Coetzee,on_spotify,strong,The Childhood of Jesus,J.M. Coetzee,Cameron Stewart,en,Unabridged edition,31,759KpfCVLt8t7Vd6XKzcxP,https://open.spotify.com/show/759KpfCVLt8t7Vd6XKzcxP,,,1.000,yes,,yes,2025-07-21,
The Clothing of Books,Jhumpa Lahiri,on_spotify,strong,The Clothing of Books: An Essay,Jhumpa Lahiri,Jhumpa Lahiri,en,Unabridged edition,15,4skc0R317427ddcinpCVqX,https://open.spotify.com/show/4skc0R317427ddcinpCVqX,,,0.990,yes,,yes,2024-12-24,
The Collected Stories of Lydia Davis,Lydia Davis,on_spotify,strong,The Collected Stories of Lydia Davis,Lydia Davis,Mia Barron; Jonathan Davis; Thérèse Plummer,en,Unabridged edition,201,3GXhZwdaTH4tDRxVdfWVw0,https://open.spotify.com/show/3GXhZwdaTH4tDRxVdfWVw0,,,1.000,yes,,yes,2024-12-26,
The Conquest of Bread,Peter Kropotkin,on_spotify,strong,The Conquest of Bread,Peter Kropotkin,Sam Swann,en,Unabridged edition,22,0CdCIbMI9jfAFSfOOlBrzg,https://open.spotify.com/show/0CdCIbMI9jfAFSfOOlBrzg,3,en,1.000,yes,yes,,2025-03-25,
The Constant Rabbit,Jasper Fforde,on_spotify,strong,The Constant Rabbit: A Novel,Jasper Fforde,Andrew Wincott,en,Unabridged edition,38,0lgLFzdHCfe1P7SH9G2nQR,https://open.spotify.com/show/0lgLFzdHCfe1P7SH9G2nQR,1,en,1.000,yes,,yes,2025-03-31,
The Corrections,Jonathan Franzen,on_spotify,strong,The Corrections: A Novel,Jonathan Franzen,George Guidall,en,Unabridged edition,20,2O4RqEvSeGBAuWgRWcuyQc,https://open.spotify.com/show/2O4RqEvSeGBAuWgRWcuyQc,3,en,1.000,yes,,yes,2026-06-28,
The Correspondent,Virginia Evans,on_spotify,strong,The Correspondent: A Novel,Virginia Evans,Maggi-Meg Reed; Jane Oppenheimer; Carly Robins; Jeff Ebner; David Pittu; Chris Andrew Ciulla; Mark Bramhall; Petrea Burchard; Robert Petkoff; Kimberly Farr; Cerris Morgan-Moyer; Peter Ganim; Jade Wheeler; Various,en,Unabridged edition,174,7nuDxs9kQvU9Ho7YCGk5wW,https://open.spotify.com/show/7nuDxs9kQvU9Ho7YCGk5wW,1,en,1.000,yes,,yes,2026-07-29,
The Cost of Living,Deborah Levy,on_spotify,strong,The Cost of Living: Living Autobiography 2,Deborah Levy,Juliet Stevenson,en,Unabridged edition,15,5KBD39bRKOFiySrxOv1bgO,https://open.spotify.com/show/5KBD39bRKOFiySrxOv1bgO,,,0.990,yes,yes,,2024-12-26,
The Count of Monte Cristo,Alexandre Dumas,on_spotify,strong,The Count of Monte Cristo,Alexandre Dumas,Alexander Black,en,Unabridged edition,120,07SX6xu854otVGMhwGS3LH,https://open.spotify.com/show/07SX6xu854otVGMhwGS3LH,4,en,1.000,yes,,yes,2024-12-26,
The Covenant of Water,Abraham Verghese,on_spotify,strong,The Covenant of Water,Abraham Verghese,Abraham Verghese,en,Unabridged edition,179,47HWB0TZOUc8uef67HY2zF,https://open.spotify.com/show/47HWB0TZOUc8uef67HY2zF,,,1.000,yes,,yes,2024-12-26,
The Cruelest Month,Louise Penny,on_spotify,strong,The Cruelest Month: A Chief Inspector Gamache Novel,Louise Penny,Ralph Cosham,en,Unabridged edition,47,6Nxu69GVGjW0ePAaygNvAv,https://open.spotify.com/show/6Nxu69GVGjW0ePAaygNvAv,,,0.990,yes,,yes,2024-12-26,
The Deal of a Lifetime,Fredrik Backman,on_spotify,strong,The Deal of a Lifetime: A Novella,Fredrik Backman,Santino Fontana,en,Unabridged edition,21,2Po1SHbniS1SqxdnGVh9Wk,https://open.spotify.com/show/2Po1SHbniS1SqxdnGVh9Wk,1,en,1.000,yes,yes,,2025-08-18,
The Decameron,Giovanni Boccaccio,on_spotify,strong,The Decameron,Giovanni Boccaccio,Aryell Alkire,en,Unabridged edition,113,0pkdfo4LgvZHFTfadLK2X5,https://open.spotify.com/show/0pkdfo4LgvZHFTfadLK2X5,6,"en, it",1.000,yes,,yes,2024-12-25,
The Decameron Project: 29 New Stories from the Pandemic,The New York Times,on_spotify,strong,The Decameron Project: 29 New Stories from the Pandemic,The New York Times,Alex Allwine; Dennis Boutsikaris; Edwidge Danticat; Matthew Lloyd Davies; Kevin R. Free; Deepti Gupta; Lameece Issaq; Rachel Kushner; Rebecca Lowman; Robin Miles; David Mitchell; Tommy Orange; Uzodinma Iweala,en,Unabridged edition,34,6lqNbmpaAvXnPrw4HVS8oe,https://open.spotify.com/show/6lqNbmpaAvXnPrw4HVS8oe,1,en,1.000,yes,,yes,2025-03-11,
The Deficit Myth,Stephanie Kelton,on_spotify,strong,The Deficit Myth: Modern Monetary Theory and How to Build a Better Economy,Stephanie Kelton,Stephanie Kelton,en,Unabridged edition,10,7KQTRNekNMcBLiiygTMVOV,https://open.spotify.com/show/7KQTRNekNMcBLiiygTMVOV,,,0.990,yes,,yes,2024-12-25,
The Diary of a Nobody,"Weedon Grossmith, George Grossmith",on_spotify,strong,The Diary of a Nobody,Weedon and George Grossmith,Eloise Fairfax,en,Unabridged edition,13,1mzBZx2TuCiLd6cnxcBXHp,https://open.spotify.com/show/1mzBZx2TuCiLd6cnxcBXHp,6,en,1.000,yes,,yes,2024-12-26,
The Director,Daniel Kehlmann,on_spotify,strong,The Director,Daniel Kehlmann,Nicholas Boulton,en,Unabridged edition,27,758LwFXg3YTcIwgh2nyDVM,https://open.spotify.com/show/758LwFXg3YTcIwgh2nyDVM,2,"en, es",1.000,yes,yes,,2026-07-19,
The Disappearance of Josef Mengele,Olivier Guez,on_spotify,strong,The Disappearance of Josef Mengele: A Novel,Olivier Guez,Michael Langan,en,Unabridged edition,83,3BFrIpaPlO1hSY3pa7NkcY,https://open.spotify.com/show/3BFrIpaPlO1hSY3pa7NkcY,,,1.000,yes,,yes,2024-12-26,
The Disappearers,Marlon James,on_spotify,strong,The Disappearers: A Novel,Marlon James,Brandon Miles; Michael Sean Harris; Solomon Peck; Andrew Clarke; Karl O'Brian Williams; Ano Okera,en,Unabridged edition,30,0LfbTSwjuKtJx8KgRIxaMr,https://open.spotify.com/show/0LfbTSwjuKtJx8KgRIxaMr,1,en,1.000,yes,,yes,2026-08-18,
The Double,Fyodor Dostoevsky,on_spotify,strong,The Double,Fyodor Dostoevsky,Simon Hester,en,Unabridged edition,16,3DH9yP8RKm2gx7QteGJPqS,https://open.spotify.com/show/3DH9yP8RKm2gx7QteGJPqS,3,en,1.000,yes,,yes,2024-12-24,
The Dragon Republic,R.F. Kuang,on_spotify,strong,The Dragon Republic: A Special Edition of the Modern Fantasy Classic,R. F. Kuang,Emily Woo Zeller,en,Unabridged edition,41,0XCAnX9e3BxTIYxjkA0k5a,https://open.spotify.com/show/0XCAnX9e3BxTIYxjkA0k5a,1,en,0.990,yes,yes,,2025-03-03,
The Dream Of A Ridiculous Man,Fyodor Dostoevsky,on_spotify,strong,The Dream of a Ridiculous Man,Fyodor Dostoevsky,Ryan Glass,en,Unabridged edition,8,0dPFRNbKDo8ZhOWBE6wENk,https://open.spotify.com/show/0dPFRNbKDo8ZhOWBE6wENk,2,en,1.000,yes,,yes,2024-12-24,
The Earth Transformed: An Untold History,Peter Frankopan,on_spotify,strong,The Earth Transformed: An Untold History,Professor Peter Frankopan,Professor Peter Frankopan,en,Unabridged edition,35,1LytBSDBXI85TFHIWzgAvO,https://open.spotify.com/show/1LytBSDBXI85TFHIWzgAvO,1,en,1.000,yes,,yes,2024-12-26,
The Easter Parade,Richard Yates,on_spotify,strong,The Easter Parade: A Novel,Richard Yates,Kristoffer Tabori,en,Unabridged edition,12,7F77w5idwuglspyp15p6UI,https://open.spotify.com/show/7F77w5idwuglspyp15p6UI,,,1.000,yes,,yes,2024-12-26,
The Edible Woman,Margaret Atwood,on_spotify,strong,The Edible Woman,Margaret Atwood,Shawn Webster,en,Unabridged edition,36,5HpY2SWEgnbIknGDEZoxIE,https://open.spotify.com/show/5HpY2SWEgnbIknGDEZoxIE,,,1.000,yes,yes,,2025-03-25,
"The Elements of Power: A Story of War, Technology, and the Dirtiest Supply Chain on Earth",Nicolas Niarchos,on_spotify,strong,"The Elements of Power: A Story of War, Technology, and the Dirtiest Supply Chain on Earth",Nicolas Niarchos,Nicolas Niarchos,en,Unabridged edition,64,1TOHRZ8TwQAHxjhNlkFc1h,https://open.spotify.com/show/1TOHRZ8TwQAHxjhNlkFc1h,1,en,1.000,yes,yes,,2026-06-25,
The Elephant Vanishes,Haruki Murakami,on_spotify,strong,The Elephant Vanishes,Haruki Murakami,Nezar Alderazi; Susan Momoko Hingley,en,Unabridged edition,18,2CoqmYBgsvAf6l0v5kZupp,https://open.spotify.com/show/2CoqmYBgsvAf6l0v5kZupp,1,en,1.000,yes,,yes,2024-12-24,
The Emperor of All Maladies: A Biography of Cancer,Siddhartha Mukherjee,on_spotify,strong,The Emperor of All Maladies: A Biography of Cancer,Siddhartha Mukherjee,Fred Sanders,en,Unabridged edition,62,7xXdeDv4tzubZB1rwvroiS,https://open.spotify.com/show/7xXdeDv4tzubZB1rwvroiS,1,en,1.000,yes,,yes,2024-12-26,
"The End is Always Near: Apocalyptic Moments, from the Bronze Age Collapse to Nuclear Near Misses",Dan Carlin,on_spotify,strong,"The End is Always Near: Apocalyptic Moments, from the Bronze Age Collapse to Nuclear Near Misses",Dan Carlin,Dan Carlin,en,Unabridged edition,14,5XOYNWwl3Zi5CZewFZ5ODT,https://open.spotify.com/show/5XOYNWwl3Zi5CZewFZ5ODT,1,en,1.000,yes,,yes,2024-12-25,
The End of August,Yu Miri,on_spotify,strong,The End of August: A Novel,Yu Miri,Sue Jean Kim,en,Unabridged edition,40,1J3uSKGooVj4jgDmLhz8ZW,https://open.spotify.com/show/1J3uSKGooVj4jgDmLhz8ZW,,,1.000,yes,,yes,2024-12-26,
The End of Everything,M. John Harrison,on_spotify,strong,The End of Everything,M. John Harrison,Russ Bain,en,Unabridged edition,44,6WFP2cvt178kcrPBBR1rhA,https://open.spotify.com/show/6WFP2cvt178kcrPBBR1rhA,,,1.000,yes,,yes,2026-06-26,
The End of Everything: How Wars Descend into Annihilation,Victor Davis Hanson,on_spotify,strong,The End of Everything: How Wars Descend into Annihilation,Victor Davis Hanson,Bob Souer,en,Unabridged edition,16,7244xQQ7ckMxhAoo9Zd502,https://open.spotify.com/show/7244xQQ7ckMxhAoo9Zd502,,,1.000,yes,,yes,2024-12-25,
The End of Loneliness,Benedict Wells,on_spotify,strong,The End of Loneliness: A Novel,Benedict Wells,Will Damron,en,Unabridged edition,14,57uKQIAjjtbHCgxdgBlDIL,https://open.spotify.com/show/57uKQIAjjtbHCgxdgBlDIL,1,en,1.000,yes,,yes,2024-12-26,
The Ethnic Cleansing of Palestine,Ilan Pappé,on_spotify,strong,The Ethnic Cleansing of Palestine,Ilan Pappe,Paul Boehmer,en,Unabridged edition,15,2HZ8LP9dzsmVPumxRDc47S,https://open.spotify.com/show/2HZ8LP9dzsmVPumxRDc47S,,,1.000,yes,,yes,2024-12-26,
The Expatriates,Janice Y.K. Lee,on_spotify,strong,The Expatriates: A Novel,Janice Y. K. Lee,Ann Marie Lee,en,Unabridged edition,139,4vy8pNyw9pQfFMgJjMG0xn,https://open.spotify.com/show/4vy8pNyw9pQfFMgJjMG0xn,1,en,1.000,yes,,yes,2025-04-14,
The Extinction of Irena Rey,Jennifer Croft,on_spotify,strong,The Extinction of Irena Rey,Jennifer Croft,Lanessa Tremblett,en,Unabridged edition,36,7DtDvO2F69BiNHRNrnQa6k,https://open.spotify.com/show/7DtDvO2F69BiNHRNrnQa6k,,,1.000,yes,,yes,2026-09-14,
The Fabric of Civilization: How Textiles Made the World,Virginia Postrel,on_spotify,strong,The Fabric of Civilization: How Textiles Made the World,Virginia Postrel,Caroline Turner Cole,en,Unabridged edition,16,0yAAgYQ6RIdMF5y4j5yvw9,https://open.spotify.com/show/0yAAgYQ6RIdMF5y4j5yvw9,,,1.000,yes,yes,,2024-12-25,
The Fall,Albert Camus,on_spotify,strong,Der Fall,Albert Camus,Ulrich Matthes,de,Unabridged edition,17,6shcXzZkRPejAwl6Seatlf,https://open.spotify.com/show/6shcXzZkRPejAwl6Seatlf,,,1.000,yes,,yes,2025-08-11,
The Feast of the Goat,Mario Vargas Llosa,on_spotify,strong,The Feast of the Goat: A Novel,Mario Vargas Llosa,Alejandro Vargas-Lugo; Coral Peña; Ian Guerra,en,Unabridged edition,28,6sl8RUrm6OMVSPSNxY3lVU,https://open.spotify.com/show/6sl8RUrm6OMVSPSNxY3lVU,,,1.000,yes,,yes,2024-12-26,
The First Ghosts,Irving Finkel,on_spotify,strong,The First Ghosts: A rich history of ancient ghosts and ghost stories from the British Museum curator,Irving Finkel,Irving Finkel,en,Unabridged edition,17,7jRY1vAO3XGzO2yCc4yFVA,https://open.spotify.com/show/7jRY1vAO3XGzO2yCc4yFVA,,,0.990,yes,,yes,2025-11-03,
The Forbidden Garden of Leningrad: A True Story of Science and Sacrifice in a City Under Siege,Simon Parkin,on_spotify,strong,The Forbidden Garden of Leningrad: A True Story of Science and Sacrifice in a City under Siege,Simon Parkin,Elliot Fitzpatrick,en,Unabridged edition,23,10cxa7Or1U4tFsAIlH2Bi2,https://open.spotify.com/show/10cxa7Or1U4tFsAIlH2Bi2,,,1.000,yes,,yes,2024-12-25,
The Forbidden Notebook,Alba de Céspedes,on_spotify,strong,Forbidden Notebook,Alba de Céspedes; Jhumpa Lahiri,Cassandra Campbell,en,Unabridged edition,13,73Qz8jqG46nZcmCBzZGPAV,https://open.spotify.com/show/73Qz8jqG46nZcmCBzZGPAV,1,en,1.000,yes,,yes,2026-01-06,
"The Furies: Women, Vengeance, and Justice",Elizabeth Flock,on_spotify,strong,"The Furies: Women, Vengeance, and Justice",Elizabeth Flock,Mia Hutchinson Shaw,en,Unabridged edition,25,4AncLyfjtCFS7SUTnDJ58k,https://open.spotify.com/show/4AncLyfjtCFS7SUTnDJ58k,1,en,1.000,yes,,yes,2025-03-03,
The Gambler,Fyodor Dostoevsky,on_spotify,strong,The Gambler,Fyodor Dostoevsky,Michael Kramer,en,Unabridged edition,18,1crNZvQS3jqqhjXazka43W,https://open.spotify.com/show/1crNZvQS3jqqhjXazka43W,4,en,1.000,yes,,yes,2024-12-24,
The Game of Silence,Louise Erdrich,on_spotify,strong,The Game of Silence,Louise Erdrich,Anna Fields,en,Unabridged edition,19,3IeE7BTLJQZdJM6F1vVBDp,https://open.spotify.com/show/3IeE7BTLJQZdJM6F1vVBDp,,,1.000,yes,,yes,2025-09-25,
The Garden of Eden,Ernest Hemingway,on_spotify,strong,The Garden of Eden,Ernest Hemingway,Patrick Wilson,en,Unabridged edition,7,03fAWNlctMNHw4PpYohoiR,https://open.spotify.com/show/03fAWNlctMNHw4PpYohoiR,,,1.000,yes,,yes,2024-12-24,
The Gathering,Anne Enright,on_spotify,strong,The Gathering,Anne Enright,Anne Enright,en,Unabridged edition,40,6A16cwqvccSTSMEy8FgnXa,https://open.spotify.com/show/6A16cwqvccSTSMEy8FgnXa,,,1.000,yes,,yes,2024-12-26,
The Girl Bandits of the Warsaw Ghetto: The True Story of Five Courageous Young Women Who Sparked an Uprising,Elizabeth R. Hyman,on_spotify,strong,The Girl Bandits of the Warsaw Ghetto: The Holocaust Biography of Female Resistance Leaders,Elizabeth R. Hyman,Gilli Messer,en,Unabridged edition,72,0pIGgc39q5rilD2lE3J6rt,https://open.spotify.com/show/0pIGgc39q5rilD2lE3J6rt,,,0.990,yes,,yes,2026-09-25,
The Glass Hotel,Emily St. John Mandel,on_spotify,strong,The Glass Hotel: A novel,Emily St. John Mandel,Dylan Moore,en,Unabridged edition,19,496ytF8i7SgXAwpJ5XPTTO,https://open.spotify.com/show/496ytF8i7SgXAwpJ5XPTTO,1,en,1.000,yes,,yes,2024-12-25,
The God of Carnage,Yasmina Reza,on_spotify,strong,God of Carnage,Yasmina Reza,Simon Helberg; Amy Landecker; Jocelyn Towne; Josh Stamberg,en,Unabridged,9,7z1NvOKp7VTas9HquEPtH4,https://open.spotify.com/show/7z1NvOKp7VTas9HquEPtH4,,,1.000,yes,,yes,2024-12-25,
The God of Small Things,Arundhati Roy,on_spotify,strong,The God of Small Things,Arundhati Roy,Aysha Kala,en,Unabridged edition,48,3sQhQnmPfKHGfsxQHkktVf,https://open.spotify.com/show/3sQhQnmPfKHGfsxQHkktVf,2,en,1.000,yes,yes,,2024-12-26,
The God of the Woods,Liz Moore,on_spotify,strong,The God of the Woods: A Novel,Liz Moore,Saskia Maarleveld,en,Unabridged edition,102,0VAANJ8psdwZQYNiOmkP3W,https://open.spotify.com/show/0VAANJ8psdwZQYNiOmkP3W,1,en,1.000,yes,,yes,2025-08-17,
The Golden Cage,Camilla Läckberg,on_spotify,strong,The Golden Cage: A novel,Camilla Läckberg,Ann Richardson,en,Unabridged edition,70,6c0nz2JIO11fi9evpb5pGf,https://open.spotify.com/show/6c0nz2JIO11fi9evpb5pGf,,,1.000,yes,yes,,2024-12-26,
The Golem of Brooklyn,Adam Mansbach,on_spotify,strong,The Golem of Brooklyn: A Novel,Adam Mansbach,Danny Hoch,en,Unabridged edition,38,6GOUqk36GpatnuVFp1cGeT,https://open.spotify.com/show/6GOUqk36GpatnuVFp1cGeT,,,1.000,yes,,yes,2024-12-25,
The Grapes of Wrath,John Steinbeck,on_spotify,strong,The Grapes of Wrath,John Steinbeck; Robert DeMott,Dylan Baker,en,Unabridged edition,71,22udwEEjg6jmjvslAVfhPC,https://open.spotify.com/show/22udwEEjg6jmjvslAVfhPC,3,en,1.000,yes,,yes,2024-12-25,
The Great Believers,Rebecca Makkai,on_spotify,strong,The Great Believers,Rebecca Makkai,Michael Crouch,en,Unabridged edition,50,5Kr9ZShUQNMiVvikJoZAEC,https://open.spotify.com/show/5Kr9ZShUQNMiVvikJoZAEC,1,en,1.000,yes,yes,,2026-06-28,
The Great Escape,Paul Brickhill,on_spotify,strong,The Great Escape,Paul Brickhill,Roger Davis,en,Unabridged edition,27,3zUkdU5G578GFKJXEHbWKp,https://open.spotify.com/show/3zUkdU5G578GFKJXEHbWKp,,,1.000,yes,yes,,2024-12-26,
The Green Road,Anne Enright,on_spotify,strong,The Green Road,Anne Enright,Caroline Lennon,en,Unabridged edition,19,2wEZ7zs1vnR1kPD8CIbuOr,https://open.spotify.com/show/2wEZ7zs1vnR1kPD8CIbuOr,1,en,1.000,yes,,yes,2025-07-14,
The Heart's Invisible Furies,John Boyne,on_spotify,strong,The Heart's Invisible Furies: The unforgettable novel from the bestselling author,John Boyne,Stephen Hogan,en,Unabridged edition,89,7zvOEQ4PPBSUJZJd7JvOUh,https://open.spotify.com/show/7zvOEQ4PPBSUJZJd7JvOUh,,,0.990,yes,,yes,2025-09-08,
The Hidden Wealth of Nations: The Scourge of Tax Havens,Gabriel Zucman,on_spotify,strong,The Hidden Wealth Nations: The Scourge of Tax Havens,Gabriel Zucman,Sean Pratt,en,Unabridged edition,11,5PgVlxjvgHyeHzfsd7Qr0h,https://open.spotify.com/show/5PgVlxjvgHyeHzfsd7Qr0h,,,0.969,yes,,yes,2024-12-26,
The History of Sound,Ben Shattuck,on_spotify,strong,The History of Sound,Ben Shattuck,Ben Shattuck; Chris Cooper; Dawn Harvey; Dion Graham; Ed Helms; Ellen Adair; Jenny Slate; Jim Seybert; Nick Offerman; Paul Mescal; Rebecca Lowman; Steven Jay Cohen; Zachary Chastain,en,Unabridged edition,16,3N4g0mbDF0bY6nfneWwHDE,https://open.spotify.com/show/3N4g0mbDF0bY6nfneWwHDE,1,en,1.000,yes,,yes,2026-01-05,
The Horla,Guy de Maupassant,on_spotify,strong,The Horla,Guy de Maupassant,Ian Holm; Ghizela Rowe,en,Unabridged edition,2,2UU5dYX3VOsyBz1VOg4Lxp,https://open.spotify.com/show/2UU5dYX3VOsyBz1VOg4Lxp,3,"en, de",1.000,yes,,yes,2024-12-25,
The House in the Cerulean Sea,TJ Klune,on_spotify,strong,The House in the Cerulean Sea,TJ Klune,Daniel Henning,en,Unabridged edition,24,2sb5bPPmDnguMSR95mlRgx,https://open.spotify.com/show/2sb5bPPmDnguMSR95mlRgx,1,en,1.000,yes,,yes,2024-12-26,
The House of the Dead,Fyodor Dostoevsky,on_spotify,strong,The House Of The Dead,Fyodor Dostoevsky,Geoffrey  Giuliano; The Bell,en,Unabridged edition,25,72qEIIOzXIfLSMmR5b1eEF,https://open.spotify.com/show/72qEIIOzXIfLSMmR5b1eEF,2,en,1.000,yes,,yes,2024-12-24,
The House of the Spirits,Isabel Allende,on_spotify,strong,The House of the Spirits: A Novel,Isabel Allende,Thom Rivera; Marisol Ramirez,en,Unabridged edition,19,3oL8dFTLw5mHXUQdqaWdHb,https://open.spotify.com/show/3oL8dFTLw5mHXUQdqaWdHb,1,en,1.000,yes,,yes,2024-12-26,
The Iliad,Homer,on_spotify,strong,The Iliad: Penguin Classics,Homer,Steve John Shepherd,en,Unabridged edition,26,5BmTnHFnPPOPfhw68u4oN5,https://open.spotify.com/show/5BmTnHFnPPOPfhw68u4oN5,2,"en, ru",0.990,yes,yes,,2024-12-25,
The Immortalists,Chloe Benjamin,on_spotify,strong,The Immortalists,Chloe Benjamin,Maggie Hoffman,en,Unabridged edition,40,6mNbXwL3FGdFNaue8ForoJ,https://open.spotify.com/show/6mNbXwL3FGdFNaue8ForoJ,1,en,1.000,yes,,yes,2024-12-26,
The Incredible and Sad Tale of Innocent Erendira and Her Heartless Grandmother,"Gabriel García Márquez, Gabriel García Márquez",on_spotify,strong,The Incredible and Sad Tale of Innocent Eréndira and Her Heartless Grandmother,Gabriel García Márquez,Gary Tiedemann,en,Unabridged edition,9,6NapQLTu4CPYxcIuEGDupy,https://open.spotify.com/show/6NapQLTu4CPYxcIuEGDupy,,,1.000,yes,yes,,2024-12-25,
The Inseparables,Simone de Beauvoir,on_spotify,strong,The Inseparables: The newly discovered novel from Simone de Beauvoir,Simone de Beauvoir; Deborah Levy; Sylvie le Bon de Beauvoir,Rachel Bavidge,en,Unabridged edition,5,02ckgahrGcenTzYqkZwIuB,https://open.spotify.com/show/02ckgahrGcenTzYqkZwIuB,1,en,0.990,yes,,yes,2024-12-27,
The Insulted and Humiliated,Fyodor Dostoevsky,on_spotify,strong,The Insulted and Humiliated,Fyodor Dostoevsky,Raphael Croft,en,Unabridged edition,42,7ct65gVxJIOEzNk6oqNjDI,https://open.spotify.com/show/7ct65gVxJIOEzNk6oqNjDI,,,1.000,yes,yes,,2024-12-24,
The Intuitionist,Colson Whitehead,on_spotify,strong,The Intuitionist,Colson Whitehead,Peter Jay Fernandez,en,Unabridged edition,15,1SPYoplIkwGjoWybVXziEQ,https://open.spotify.com/show/1SPYoplIkwGjoWybVXziEQ,,,1.000,yes,,yes,2024-12-26,
The Invincible,Stanisław Lem,on_spotify,strong,The Invincible,Stanislaw Lem,Nick Sullivan,en,Unabridged edition,15,3JKoXuG9wl0rOAUEBPKKUV,https://open.spotify.com/show/3JKoXuG9wl0rOAUEBPKKUV,,,1.000,yes,yes,,2025-09-03,
The Invisible Life of Addie LaRue,V.E. Schwab,on_spotify,strong,The Invisible Life of Addie LaRue,V. E. Schwab,Julia Whelan,en,Unabridged edition,309,5Laj4RAD3vt8ZzgHbltmvU,https://open.spotify.com/show/5Laj4RAD3vt8ZzgHbltmvU,,,1.000,yes,yes,,2025-07-07,
The Island of Sea Women,Lisa See,on_spotify,strong,The Island of Sea Women: A Novel,Lisa See,Jennifer Lim,en,Unabridged edition,26,5yAv5Aiih4kcTs3F3Ezfcp,https://open.spotify.com/show/5yAv5Aiih4kcTs3F3Ezfcp,1,en,1.000,yes,,yes,2025-07-30,
The Jakarta Method: Washington's Anticommunist Crusade and the Mass Murder Program That Shaped Our World,Vincent Bevins,on_spotify,strong,The Jakarta Method: Washington's Anticommunist Crusade and the Mass Murder Program that Shaped Our World,Vincent Bevins,Tim Paige,en,Unabridged edition,29,000cI1Fsw2C9vJDd06N9CF,https://open.spotify.com/show/000cI1Fsw2C9vJDd06N9CF,,,1.000,yes,,yes,2024-12-26,
The Known World,Edward P. Jones,on_spotify,strong,The Known World,Edward P. Jones,Kevin R. Free,en,Unabridged edition,16,0PHIiAYYJsfb04GBJPAPV7,https://open.spotify.com/show/0PHIiAYYJsfb04GBJPAPV7,,,1.000,yes,yes,,2026-06-28,
The Last Kings of Shanghai: The Rival Jewish Dynasties That Helped Create Modern China,Jonathan Kaufman,on_spotify,strong,The Last Kings of Shanghai: The Rival Jewish Dynasties That Helped Create Modern China,Jonathan Kaufman,Joel Richards,en,Unabridged edition,16,1LExx9HnvS679dhTrWBNMQ,https://open.spotify.com/show/1LExx9HnvS679dhTrWBNMQ,,,1.000,yes,,yes,2024-12-26,
The Last Report on the Miracles at Little No Horse,Louise Erdrich,on_spotify,strong,The Last Report on the Miracles at Little No Horse: A Novel,Louise Erdrich,Anna Fields,en,Unabridged edition,24,0WIdAgXsTe4lsFp1o2yq9g,https://open.spotify.com/show/0WIdAgXsTe4lsFp1o2yq9g,,,1.000,yes,,yes,2025-09-25,
The Lavender Scare: The Cold War Persecution of Gays and Lesbians in the Federal Government,David K. Johnson,on_spotify,strong,The Lavender Scare: The Cold War Persecution of Gays and Lesbians in the Federal Government,David K. Johnson,Timothy Andrés Pabon,en,Unabridged,18,21tLUxC1Y2z3DD3k8HHwhE,https://open.spotify.com/show/21tLUxC1Y2z3DD3k8HHwhE,,,1.000,yes,,yes,2025-03-15,
The Light of Day,Graham Swift,on_spotify,strong,The Light of Day,Graham Swift,Alex Jennings,en,Unabridged edition,68,0723a5WabotvgqGKiVWziJ,https://open.spotify.com/show/0723a5WabotvgqGKiVWziJ,,,1.000,yes,,yes,2024-12-26,
The Lion Women of Tehran,Marjan Kamali,on_spotify,strong,The Lion Women of Tehran,Marjan Kamali,Mozhan Navabi; Nikki Massoud,en,Unabridged edition,54,6xcBsXrv7CSopJxGxPmoWm,https://open.spotify.com/show/6xcBsXrv7CSopJxGxPmoWm,1,en,1.000,yes,,yes,2025-04-11,
The Little Drummer Girl,John le Carré,on_spotify,strong,The Little Drummer Girl,John le Carré,Adjoa Andoh,en,Unabridged edition,31,2yTPAJRjRigfCAzB8oGeyq,https://open.spotify.com/show/2yTPAJRjRigfCAzB8oGeyq,,,1.000,yes,,yes,2024-12-26,
The Loneliness of Sonia and Sunny,Kiran Desai,on_spotify,strong,The Loneliness of Sonia and Sunny: A Novel,Kiran Desai,Sneha Mathan,en,Unabridged edition,79,0EU1IoP7wD6Y3snc8Zjajf,https://open.spotify.com/show/0EU1IoP7wD6Y3snc8Zjajf,1,en,1.000,yes,,yes,2026-05-04,
The Long Answer,Anna Hogeland,on_spotify,strong,The Long Answer: A Novel,Anna Hogeland,Julia Knippen,en,Unabridged edition,15,6xmM2cp6fnAFaFMMKA7P0p,https://open.spotify.com/show/6xmM2cp6fnAFaFMMKA7P0p,,,1.000,yes,,yes,2024-12-26,
The Looming Tower: Al-Qaeda and the Road to 9/11,Lawrence Wright,on_spotify,strong,The Looming Tower: Al-Qaeda and the Road to 9/11,Lawrence Wright,Lawrence Wright,en,Unabridged edition,27,4SqHrn8bVK6ezoMeeIm28I,https://open.spotify.com/show/4SqHrn8bVK6ezoMeeIm28I,,,1.000,yes,,yes,2025-01-15,
The Lost Flowers of Alice Hart,Holly Ringland,on_spotify,strong,The Lost Flowers of Alice Hart,Holly Ringland,Louise Crawford,en,Unabridged edition,44,5iOOW4toqCACTYyf0TCOUR,https://open.spotify.com/show/5iOOW4toqCACTYyf0TCOUR,,,1.000,yes,yes,,2025-03-31,
The Lumumba Plot: The Secret History of the CIA and a Cold War Assassination,Stuart A. Reid,on_spotify,strong,The Lumumba Plot: The Secret History of the CIA and a Cold War Assassination,Stuart A. Reid,Michael Boatman,en,Unabridged edition,58,3Zn53mJSqX2d8o4o0hctfU,https://open.spotify.com/show/3Zn53mJSqX2d8o4o0hctfU,,,1.000,yes,,yes,2024-12-26,
The Man Who Saw Everything,Deborah Levy,on_spotify,strong,The Man Who Saw Everything,Deborah Levy,George Blagden,en,Unabridged edition,40,3WMCYexjxgdgyl24TQTJv0,https://open.spotify.com/show/3WMCYexjxgdgyl24TQTJv0,,,1.000,yes,,yes,2024-12-26,
The Many Lives of Syeda X: The Story of an Unknown Indian,Neha Dixit,on_spotify,strong,The Many Lives of Syeda X: A People’s History of Invisible India,Neha Dixit,Manju Malhi,en,Unabridged edition,16,52l7wk4DdSw3YiUYF4UEnC,https://open.spotify.com/show/52l7wk4DdSw3YiUYF4UEnC,,,0.990,yes,yes,,2024-12-25,
The Marriage Plot,Jeffrey Eugenides,on_spotify,strong,The Marriage Plot: A Novel,Jeffrey Eugenides,David Pittu,en,Unabridged edition,153,52WAVx0Fc3hmeBEhFLO0K9,https://open.spotify.com/show/52WAVx0Fc3hmeBEhFLO0K9,1,en,1.000,yes,,yes,2024-12-26,
The Master and Margarita,Mikhail Bulgakov,on_spotify,strong,The Master and Margarita,Mikhail Bulgakov,Julian Rhind-Tutt,en,Unabridged edition,35,4dGlbp37TUVQ5j9wuPLFym,https://open.spotify.com/show/4dGlbp37TUVQ5j9wuPLFym,2,en,1.000,yes,,yes,2024-12-26,
The Master Butchers Singing Club,Louise Erdrich,on_spotify,strong,The Master Butchers Singing Club: A Novel,Louise Erdrich,Louise Erdrich,en,Unabridged edition,24,06hXsW19CjViItlRM4Ebdv,https://open.spotify.com/show/06hXsW19CjViItlRM4Ebdv,,,1.000,yes,,yes,2025-09-25,
The Measure,Nikki Erlick,on_spotify,strong,The Measure,Nikki Erlick,Julia Whelan,en,Unabridged edition,170,362Z4kDOTju4Wa00YtQ27g,https://open.spotify.com/show/362Z4kDOTju4Wa00YtQ27g,1,en,1.000,yes,yes,,2024-12-26,
The Memorial,Christopher Isherwood,on_spotify,strong,The Memorial,Christopher Isherwood,Nicholas Boulton,en,Unabridged edition,24,5f7EjqpB67IZNSQXjlFbhZ,https://open.spotify.com/show/5f7EjqpB67IZNSQXjlFbhZ,,,1.000,yes,,yes,2025-04-10,
The Metamorphosis,Franz Kafka,on_spotify,strong,The Metamorphosis,Franz Kafka,Jon Waters,en,Unabridged edition,11,4nEe70EhQHBOUH8akj2oQq,https://open.spotify.com/show/4nEe70EhQHBOUH8akj2oQq,6,en,1.000,yes,,yes,2024-12-26,
The Mighty Red,Louise Erdrich,on_spotify,strong,The Mighty Red: A Read with Jenna Pick,Louise Erdrich,Marin Ireland,en,Unabridged edition,125,34BQj6BbaZ03S4LZNgIhNT,https://open.spotify.com/show/34BQj6BbaZ03S4LZNgIhNT,1,en,0.990,yes,,yes,2024-12-25,
The Mirror & The Light,Hilary Mantel,on_spotify,strong,The Mirror and the Light,Hilary Mantel,Ben Miles,en,Unabridged edition,22,3wd67InAOMlVYg1Eoekk9i,https://open.spotify.com/show/3wd67InAOMlVYg1Eoekk9i,,,1.000,yes,yes,,2024-12-26,
The Most,Jessica Anthony,on_spotify,strong,The Most,Jessica Anthony,Abigail Reno,en,Unabridged edition,14,5cYShQIHXSSRIOKHwfRiI7,https://open.spotify.com/show/5cYShQIHXSSRIOKHwfRiI7,,,1.000,yes,,yes,2025-09-29,
The Most Secret Memory of Men,Mohamed Mbougar Sarr,on_spotify,strong,The Most Secret Memory of Men: The award-winning literary mystery and international bestseller,Mohamed Mbougar Sarr,Ayesha Antoine; Chris Thompson; Kyle Gabbidon; Masimba Ushe; Musu-Kulla Massaquoi; Nile Faure-Bryan,en,Unabridged edition,52,5g1KxYwGRGIVfSOuHblTZu,https://open.spotify.com/show/5g1KxYwGRGIVfSOuHblTZu,,,0.990,yes,,yes,2025-01-13,
The Names,Florence Knapp,on_spotify,strong,The Names: 'The best debut novel in years' Sunday Times,Florence Knapp,Dervla Kirwan,en,Unabridged edition,25,2DuJrHF8ZEdmOiZy3lksVG,https://open.spotify.com/show/2DuJrHF8ZEdmOiZy3lksVG,,,0.990,yes,,yes,2025-07-07,
The Necklace,Guy de Maupassant,on_spotify,strong,The Necklace,Guy de Maupassant,Clément Dubois,en,Unabridged edition,4,6nw6zOT6t5AuV1IrhuVSmL,https://open.spotify.com/show/6nw6zOT6t5AuV1IrhuVSmL,3,en,1.000,yes,yes,,2024-12-25,
The Night in Lisbon,Erich Maria Remarque,on_spotify,strong,The Night in Lisbon,Erich Maria Remarque,Kirby Heyborne,en,Unabridged edition,41,3jaGrvsSa92dUnFeGjGzuv,https://open.spotify.com/show/3jaGrvsSa92dUnFeGjGzuv,,,1.000,yes,,yes,2024-12-26,
The Nightingale,Kristin Hannah,on_spotify,strong,The Nightingale: A Novel,Kristin Hannah,Polly Stone,en,Unabridged edition,85,4BHprSavRJoDw00Rr91Bbh,https://open.spotify.com/show/4BHprSavRJoDw00Rr91Bbh,,,1.000,yes,,yes,2024-12-25,
The Nine Lives of Pakistan: Dispatches from a Precarious State,Declan Walsh,on_spotify,strong,The Nine Lives of Pakistan: Dispatches from a Precarious State,Declan Walsh,Roger Clark,en,Unabridged edition,13,5hcBlAxkyEEaS6D1tzKdzA,https://open.spotify.com/show/5hcBlAxkyEEaS6D1tzKdzA,,,1.000,yes,yes,,2024-12-26,
The Noise of Time,Julian Barnes,on_spotify,strong,The Noise of Time,Julian Barnes,Daniel Philpott,en,Unabridged edition,6,6TYla4JTDicn5CWGVULY3A,https://open.spotify.com/show/6TYla4JTDicn5CWGVULY3A,,,1.000,yes,yes,,2024-12-26,
The Nord Stream Conspiracy: The Inside Story of the Explosions That Shook the World,Bojan Pancevski,on_spotify,strong,The Nord Stream Conspiracy: The Inside Story of the Explosions That Shook the World,Bojan Pancevski,Michael Golab,en,Unabridged edition,67,1GCOxTvqdBXgCRTJigKKuj,https://open.spotify.com/show/1GCOxTvqdBXgCRTJigKKuj,1,en,1.000,yes,yes,,2026-06-24,
The Odyssey,Homer,on_spotify,strong,The Odyssey,Homer,Arthur Lane,en,Unabridged edition,27,6Yaxnbe0E6dodJFCJzzC6t,https://open.spotify.com/show/6Yaxnbe0E6dodJFCJzzC6t,1,en,1.000,yes,,yes,2024-12-25,
The Old Fire,Elisa Shua Dusapin,on_spotify,strong,The Old Fire: A Novel,Elisa Shua Dusapin,Elisabeth Lagelée,en,Unabridged edition,12,389FXSrgZ6Bb30usYWTRVb,https://open.spotify.com/show/389FXSrgZ6Bb30usYWTRVb,,,1.000,yes,yes,,2026-07-13,
The Orchard,Kristina Gorcheva-Newberry,on_spotify,strong,The Orchard: A Novel,Kristina Gorcheva-Newberry,Julia Emelin; Kristina Gorcheva-Newberry,en,Unabridged edition,36,7prS18vP3UMQ4LHUie1bJ2,https://open.spotify.com/show/7prS18vP3UMQ4LHUie1bJ2,,,1.000,yes,,yes,2025-10-13,
The Other Valley,Scott Alexander Howard,on_spotify,strong,The Other Valley: A Novel,Scott Alexander Howard,Cindy Kay,en,Unabridged edition,41,4KDSvieWcgylMqUn2gtfTy,https://open.spotify.com/show/4KDSvieWcgylMqUn2gtfTy,,,1.000,yes,,yes,2025-08-04,
"The Ottomans: Khans, Caesars and Caliphs",Marc David Baer,on_spotify,strong,"The Ottomans: Khans, Caesars and Caliphs",Marc David Baer,Jamie Parker,en,Unabridged edition,25,1I8roqD4x7jtBoSXfqR8YG,https://open.spotify.com/show/1I8roqD4x7jtBoSXfqR8YG,,,1.000,yes,,yes,2024-12-25,
The Overstory,Richard Powers,on_spotify,strong,The Overstory,Richard Powers,Suzanne Toren,en,Unabridged edition,26,5rXR5gb3DhFUuPJkKh7ojx,https://open.spotify.com/show/5rXR5gb3DhFUuPJkKh7ojx,1,en,1.000,yes,,yes,2025-03-31,
The Pale King,David Foster Wallace,on_spotify,strong,The Pale King,David Foster Wallace,Robert Petkoff,en,Unabridged edition,242,7iMRLf6BL7roXL8vTqmGW6,https://open.spotify.com/show/7iMRLf6BL7roXL8vTqmGW6,,,1.000,yes,,yes,2024-12-24,
The Paris Library,Janet Skeslien Charles,on_spotify,strong,The Paris Library: A Novel,Janet Skeslien Charles,Nicky Diss; Sarah Feathers; Esther Wane; Janet Skeslien Charles,en,Unabridged edition,106,4FVP6pXoY9TyJNHDbozIvO,https://open.spotify.com/show/4FVP6pXoY9TyJNHDbozIvO,1,en,1.000,yes,,yes,2025-03-31,
"The Party's Interests Come First: The Life of Xi Zhongxun, Father of Xi Jinping",Joseph Torigian,on_spotify,strong,"The Party's Interests Come First: The Life of Xi Zhongxun, Father of Xi Jinping",Joseph Torigian,Richard Turner,en,Unabridged edition,40,68fNKptpQctkV5QAIIcZUv,https://open.spotify.com/show/68fNKptpQctkV5QAIIcZUv,,,1.000,yes,,yes,2025-06-01,
The Persians: The Age of The Great Kings,Lloyd Llewellyn-Jones,on_spotify,strong,Persians: The Age of The Great Kings,Professor Lloyd Llewellyn-Jones,Professor Lloyd Llewellyn-Jones,en,Unabridged edition,29,0oY4BVWwKm5jY70cbrWDZi,https://open.spotify.com/show/0oY4BVWwKm5jY70cbrWDZi,,,1.000,yes,yes,,2024-12-25,
The Picture of Dorian Gray,Oscar Wilde,on_spotify,strong,The Picture of Dorian Gray,Oscar Wilde,Greg Wise,en,Unabridged edition,23,1T2yvDfxtX7yIGlcWiQq1q,https://open.spotify.com/show/1T2yvDfxtX7yIGlcWiQq1q,6,en,1.000,yes,,yes,2024-12-25,
The Pink Line: Journeys Across the World's Queer Frontiers,Mark Gevisser,on_spotify,strong,The Pink Line: Journeys Across the World's Queer Frontiers,Mark Gevisser,Mark Gevisser; Vikas Adam,en,Unabridged edition,23,23fRAED0CcrYhzGxYvZxXe,https://open.spotify.com/show/23fRAED0CcrYhzGxYvZxXe,,,1.000,yes,,yes,2024-12-26,
The Plague of Doves,Louise Erdrich,on_spotify,strong,The Plague of Doves: A Novel,Louise Erdrich,Peter Francis James; Kathleen McInerney,en,Unabridged edition,24,3q70Hwl34bDVYYF7JXR9nq,https://open.spotify.com/show/3q70Hwl34bDVYYF7JXR9nq,,,1.000,yes,,yes,2025-09-25,
The Poppy War,R.F. Kuang,on_spotify,strong,"The Poppy War: A Deluxe Illustrated Epic Fantasy of War, Magic, and Mythology in a High-Conflict World from Bestselling Author R. F. Kuang, Featuring Beautiful Sprayed Edges",R. F. Kuang,Emily Woo Zeller,en,Unabridged edition,49,1jXKql38AYBaITQn4tkcyP,https://open.spotify.com/show/1jXKql38AYBaITQn4tkcyP,1,en,0.990,yes,,yes,2024-12-29,
The Prettiest Star,Carter Sickels,on_spotify,strong,The Prettiest Star,Carter Sickels,Tiffany Morgan; Charlie Thurston,en,Unabridged edition,38,4MbAxJ7ulTepGsz3sK0rrV,https://open.spotify.com/show/4MbAxJ7ulTepGsz3sK0rrV,,,1.000,yes,,yes,2025-04-30,
The Private Lives of Trees,Alejandro Zambra,on_spotify,strong,The Private Lives of Trees: A Novel,Alejandro Zambra,Gisela Chipe,en,Unabridged edition,15,0FZiVF4fS8M5qdlZwjgcxZ,https://open.spotify.com/show/0FZiVF4fS8M5qdlZwjgcxZ,,,1.000,yes,,yes,2025-03-11,
The Promise,Damon Galgut,on_spotify,strong,The Promise: WINNER OF THE BOOKER PRIZE,Damon Galgut,Peter Noble,en,Unabridged edition,14,72G4CvKBYKtXg7lMO9Dtua,https://open.spotify.com/show/72G4CvKBYKtXg7lMO9Dtua,,,0.990,yes,yes,,2024-12-25,
The Question of Palestine,Edward W. Said,on_spotify,strong,The Question of Palestine,Edward W. Said; Saree Makdisi,Peter Ganim,en,Unabridged edition,24,3QZn1yWtbIieAqrQNZlWZP,https://open.spotify.com/show/3QZn1yWtbIieAqrQNZlWZP,,,1.000,yes,,yes,2024-12-25,
The Rainbow: A Novel,Yasunari Kawabata,on_spotify,strong,The Rainbow,Yasunari Kawabata,Ami Okumura Jones,en,Unabridged edition,17,7fxS1HL3LzKhmqdAV59xAX,https://open.spotify.com/show/7fxS1HL3LzKhmqdAV59xAX,1,en,1.000,yes,,yes,2025-12-27,
The Red and the Black,Stendhal,on_spotify,strong,The Red And The Black,Stendhal,Geoffrey Giuliano; The Scythe,en,Unabridged edition,78,3eLECHPrK00yMhA1bDCc0R,https://open.spotify.com/show/3eLECHPrK00yMhA1bDCc0R,7,en,1.000,yes,,yes,2024-12-25,
The Red Tent,Anita Diamant,on_spotify,strong,The Red Tent - 20th Anniversary Edition: A Novel,Anita Diamant,Carol Bilger,en,Unabridged edition,40,1hs8n59eTGPiCwfjNMM0Lr,https://open.spotify.com/show/1hs8n59eTGPiCwfjNMM0Lr,1,en,1.000,yes,,yes,2026-05-10,
The Republic,Plato,on_spotify,strong,The Republic,Plato,Peter Coates,en,Unabridged edition,22,56zzXosJyqnfh96OjRPHDl,https://open.spotify.com/show/56zzXosJyqnfh96OjRPHDl,6,en,1.000,yes,,yes,2024-12-25,
The Restless Republic: Britain without a Crown,Anna Keay,on_spotify,strong,The Restless Republic,Anna Keay,Lucy Tregear,en,Unabridged edition,23,0GPo6k1oZDbj9YAaMWNBSA,https://open.spotify.com/show/0GPo6k1oZDbj9YAaMWNBSA,,,0.990,yes,,yes,2024-12-26,
The Return,"Hisham Matar, Hisham Matar",on_spotify,strong,"The Return: Fathers, Sons and the Land In Between",Hisham Matar,Hisham Matar,en,Unabridged edition,28,4kiSdbYbp4koLYo5rZITnT,https://open.spotify.com/show/4kiSdbYbp4koLYo5rZITnT,,,0.990,yes,,yes,2024-12-26,
The Rise and Fall of the Dinosaurs: A New History of a Lost World,Steve Brusatte,on_spotify,strong,"The Rise and Fall of the Dinosaurs: The Definitive Dinosaur Encyclopedia with Stunning Illustrations, Embark on a Prehistoric Quest!",Steve Brusatte,Patrick Lawlor,en,Unabridged edition,26,0D3Uv9afXsqA6zOmwXU0as,https://open.spotify.com/show/0D3Uv9afXsqA6zOmwXU0as,1,en,0.990,yes,,yes,2024-12-26,
The Rise of English: Global Politics and the Power of Language,Rosemary Salomone,on_spotify,strong,The Rise of English: Global Politics and the Power of Language,Rosemary Salomone,Suzanne Toren,en,Unabridged edition,44,6yrT438zncTXa4RG2Smu4t,https://open.spotify.com/show/6yrT438zncTXa4RG2Smu4t,,,1.000,yes,,yes,2024-12-25,
The Round House,Louise Erdrich,on_spotify,strong,The Round House: National Book Award Winning Fiction,Louise Erdrich,Gary Farmer,en,Unabridged edition,17,6CboOXgNxGKUzee1hXAfQw,https://open.spotify.com/show/6CboOXgNxGKUzee1hXAfQw,,,0.990,yes,,yes,2025-09-25,
The Saint of Bright Doors,Vajra Chandrasekera,on_spotify,strong,The Saint of Bright Doors,Vajra Chandrasekera,Sid Sagar,en,Unabridged edition,37,0XCSCalGWTCdyefGCEIaIM,https://open.spotify.com/show/0XCSCalGWTCdyefGCEIaIM,,,1.000,yes,yes,,2024-12-26,
The Sassoons: The Great Global Merchants and the Making of an Empire,Joseph Sassoon,on_spotify,strong,The Sassoons: The Great Global Merchants and the Making of an Empire,Joseph Sassoon,James Lurie,en,Unabridged edition,22,7yoqqsOg4iVA5wtwJEGp3q,https://open.spotify.com/show/7yoqqsOg4iVA5wtwJEGp3q,,,1.000,yes,,yes,2024-12-25,
The Savage Detectives,Roberto Bolaño,on_spotify,strong,The Savage Detectives,Roberto Bolaño,Armando Durán; Eddie Lopez,en,Unabridged edition,40,3UlHUwgTgRDS0pDEiaoQrX,https://open.spotify.com/show/3UlHUwgTgRDS0pDEiaoQrX,2,en,1.000,yes,,yes,2024-12-26,
The Scandal of the Century: And Other Writings,Gabriel García Márquez,on_spotify,strong,"The Scandal of the Century, and Other Writings",Gabriel García Márquez; Cristóbal Pera; Jon Lee Anderson,Bernardo De Paula,en,Unabridged edition,54,6eVdES0bEi5rEQP9yKgSCe,https://open.spotify.com/show/6eVdES0bEi5rEQP9yKgSCe,,,1.000,yes,,yes,2024-12-26,
The Seagull,Anton Chekhov,on_spotify,strong,The Seagull,Anton Chekhov,Calista Flockhart; T.R. Knight; Josh Stamberg; Full Cast,en,Unabridged,13,5SSgGSF7X3n4y0GLnhBVsp,https://open.spotify.com/show/5SSgGSF7X3n4y0GLnhBVsp,1,en,1.000,yes,yes,,2024-12-25,
The Search For Modern China,Jonathan D. Spence,on_spotify,strong,The Search for Modern China,Jonathan D. Spence,Frederick Davidson,en,Unabridged edition,30,7uQHFy9nKpOkGkeLej0Wv3,https://open.spotify.com/show/7uQHFy9nKpOkGkeLej0Wv3,,,1.000,yes,,yes,2025-01-27,
The Seven Husbands of Evelyn Hugo,Taylor Jenkins Reid,on_spotify,strong,The Seven Husbands of Evelyn Hugo: A Novel,Taylor Jenkins Reid,Alma Cuervo; Julia Whelan; Robin Miles,en,Unabridged edition,90,0v0PFJnljdPYvLMoLeDkdw,https://open.spotify.com/show/0v0PFJnljdPYvLMoLeDkdw,,,1.000,yes,yes,,2025-01-18,
The Shadow of the Wind,Carlos Ruiz Zafón,on_spotify,strong,The Shadow of the Wind,Carlos Ruiz Zafon,Jonathan Davis,en,Unabridged edition,66,3hrQlfjeRMKpuJGfbCxyj7,https://open.spotify.com/show/3hrQlfjeRMKpuJGfbCxyj7,1,en,1.000,yes,,yes,2025-11-03,
The Silence of the Girls,Pat Barker,on_spotify,strong,The Silence of the Girls: A Novel,Pat Barker,Kristin Atherton; Michael Fox,en,Unabridged edition,51,5H2X0htjrGywwvK9B5tEAe,https://open.spotify.com/show/5H2X0htjrGywwvK9B5tEAe,1,en,1.000,yes,,yes,2026-02-07,
The Silent Twins,Marjorie Wallace,on_spotify,strong,"The Silent Twins: The astounding true story, now a major motion picture starring Letitia Wright",Marjorie Wallace,Jodhi May,en,Unabridged edition,18,7wORt2S3kOvp0Enw7k516y,https://open.spotify.com/show/7wORt2S3kOvp0Enw7k516y,,,0.990,yes,yes,,2024-12-26,
The Silk Roads: A New History of the World,Peter Frankopan,on_spotify,strong,The Silk Roads: A New History of the World,Professor Peter Frankopan,Mike Grady,en,Unabridged edition,35,4Cb3QGOrIopyluPpv0NBca,https://open.spotify.com/show/4Cb3QGOrIopyluPpv0NBca,2,en,1.000,yes,yes,,2024-12-25,
The Sirens of Titan,Kurt Vonnegut,on_spotify,strong,The Sirens of Titan: A Novel,Kurt Vonnegut,Jay Snyder,en,Unabridged edition,16,5xkXFBRAI4qTWZVq1yGQ7L,https://open.spotify.com/show/5xkXFBRAI4qTWZVq1yGQ7L,,,1.000,yes,,yes,2025-07-07,
The Sisters,Jonas Hassen Khemiri,on_spotify,strong,The Sisters: A Novel,Jonas Hassen Khemiri,Aleksander Varadian,en,Unabridged edition,155,1m77FYu5Vbo9d8KT1PFKiv,https://open.spotify.com/show/1m77FYu5Vbo9d8KT1PFKiv,1,en,1.000,yes,yes,,2025-10-20,
The Snows of Kilimanjaro and Other Stories,Ernest Hemingway,on_spotify,strong,The Snows of Kilimanjaro and Other Stories,Ernest Hemingway,Stacy Keach,en,Unabridged edition,6,3OyDIXFBEgKmFK3HqCeyw6,https://open.spotify.com/show/3OyDIXFBEgKmFK3HqCeyw6,,,1.000,yes,,yes,2025-01-12,
The Soviet Century: Archaeology of a Lost World,Karl Schlögel,on_spotify,strong,The Soviet Century: Archaeology of a Lost World,Karl Schlögel,Ciaran Saward,en,Unabridged edition,70,3Vu2hQs0fEAmtyfQ75aJI5,https://open.spotify.com/show/3Vu2hQs0fEAmtyfQ75aJI5,,,1.000,yes,,yes,2024-12-26,
The Specimens,Mairi Kidd,on_spotify,strong,The Specimens: A bold retelling of Burke and Hare’s crimes from the women closest to the gruesome truth,Mairi Kidd,Gerda Stevenson,en,Unabridged edition,28,46qZulCZu52TytIPUjWO51,https://open.spotify.com/show/46qZulCZu52TytIPUjWO51,,,0.990,yes,,yes,2025-09-29,
The Starless Sea,Erin Morgenstern,on_spotify,strong,The Starless Sea: A Novel,Erin Morgenstern,Dominic Hoffman; Various,en,Unabridged edition,10,1zTOBJEe8aUCnEIGCO55Gl,https://open.spotify.com/show/1zTOBJEe8aUCnEIGCO55Gl,1,en,1.000,yes,yes,,2025-08-25,
The Story of a Shipwrecked Sailor,Gabriel García Márquez,on_spotify,strong,The Story of a Shipwrecked Sailor,Gabriel García Márquez; Randolph Hogan,Gary Tiedemann,en,Unabridged edition,15,3hyd0RjMqez1d1AUIPdEuf,https://open.spotify.com/show/3hyd0RjMqez1d1AUIPdEuf,,,1.000,yes,yes,,2024-12-24,
The Sunflower Boys,Sam Wachman,on_spotify,strong,The Sunflower Boys: A Poignant Coming-of-Age Story of Queer Love and Survival in Ukraine,Sam Wachman,David Garelik,en,Unabridged edition,106,7u2uiTegKtQtFnr04UKXlO,https://open.spotify.com/show/7u2uiTegKtQtFnr04UKXlO,,,0.990,yes,,yes,2025-10-13,
"The System: Who Rigged It, How We Fix It",Robert B. Reich,on_spotify,strong,"The System: Who Rigged It, How We Fix It",Robert B. Reich,Robert B. Reich,en,Unabridged edition,21,0WRLHE1vKyRTy7nLXG5vun,https://open.spotify.com/show/0WRLHE1vKyRTy7nLXG5vun,,,1.000,yes,yes,,2025-11-03,
The Thing about December,Donal Ryan,on_spotify,strong,The Thing About December,Donal Ryan,Donal Ryan,en,Unabridged edition,15,7bsKYiI2gT4oyNh5SyRyiJ,https://open.spotify.com/show/7bsKYiI2gT4oyNh5SyRyiJ,,,1.000,yes,,yes,2026-07-21,
The Things We Make: The Unknown History of Invention from Cathedrals to Soda Cans,Bill Hammack,on_spotify,strong,The Things We Make: The Unknown History of Invention from Cathedrals to Soda Cans,Bill Hammack,Jonathan Todd Ross,en,Unabridged edition,28,5m7lIt4qXWA6UYbrkLZOsH,https://open.spotify.com/show/5m7lIt4qXWA6UYbrkLZOsH,,,1.000,yes,,yes,2024-12-26,
The Three Sisters,Anton Chekhov,on_spotify,strong,Three Sisters,Anton Chekhov,Jennifer Westfeldt; Jon Hamm; Full Cast,en,Unabridged edition,34,39R9txqnKSQOwUyLsxgwhu,https://open.spotify.com/show/39R9txqnKSQOwUyLsxgwhu,,,1.000,yes,,yes,2024-12-25,
The Time Traveler's Wife,Audrey Niffenegger,on_spotify,strong,The Time Traveler's Wife,Audrey Niffenegger,Fred Berman; Phoebe Strole,en,Unabridged edition,133,1y4qIMACmFAN0sExYlTYW2,https://open.spotify.com/show/1y4qIMACmFAN0sExYlTYW2,,,1.000,yes,,yes,2025-03-15,
The Torrents of Spring,Ernest Hemingway,on_spotify,strong,The Torrents of Spring,Ernest Hemingway,Rodney Falcon,en,Unabridged edition,19,5t0yXBVPizcpElAG7KdUtb,https://open.spotify.com/show/5t0yXBVPizcpElAG7KdUtb,,,1.000,yes,,yes,2024-12-24,
The Transmigration of Bodies,Yuri Herrera,on_spotify,strong,The Transmigration of Bodies,Yuri Herrera; Lisa Dillman,Armando Durán,en,Unabridged edition,6,0ltOn04iMbhf2asRo6EQDb,https://open.spotify.com/show/0ltOn04iMbhf2asRo6EQDb,,,1.000,yes,,yes,2024-12-26,
The Trees,Percival Everett,on_spotify,strong,The Trees: A Novel,Percival Everett,Bill Andrew Quinn,en,Unabridged edition,108,2iHC0xN59xLA7ydtEeJDq8,https://open.spotify.com/show/2iHC0xN59xLA7ydtEeJDq8,,,1.000,yes,,yes,2024-12-25,
The Trial,Franz Kafka,on_spotify,strong,The Trial,Franz Kafka,Todd McLaren,en,Unabridged edition,11,5eT5vmmnP2ZwApFP0M9OEF,https://open.spotify.com/show/5eT5vmmnP2ZwApFP0M9OEF,3,en,1.000,yes,yes,,2024-12-26,
The Triumph of Injustice,"Gabriel Zucman, Emmanuel Saez",on_spotify,strong,The Triumph of Injustice: How the Rich Dodge Taxes and How to Make Them Pay,Emmanuel Saez; Gabriel Zucman,Steve Menasche,en,Unabridged edition,12,6bS6k4JyW4aYyhZu7Kesjw,https://open.spotify.com/show/6bS6k4JyW4aYyhZu7Kesjw,,,0.990,yes,,yes,2024-12-26,
The Unbearable Lightness of Being,Milan Kundera,on_spotify,strong,The Unbearable Lightness of Being: 'A dark and brilliant achievement' (Ian McEwan),Milan Kundera,Richmond Hoxie,en,Unabridged edition,440,4jnyW7NX5Xf7bOqMM6bamh,https://open.spotify.com/show/4jnyW7NX5Xf7bOqMM6bamh,1,en,0.990,yes,,yes,2025-04-28,
The Unconsoled,Kazuo Ishiguro,on_spotify,strong,The Unconsoled,Kazuo Ishiguro,Simon Vance,en,Unabridged edition,80,126xFzPPDQmQ5nryqMIAK6,https://open.spotify.com/show/126xFzPPDQmQ5nryqMIAK6,,,1.000,yes,,yes,2024-12-24,
The Underground Railroad,Colson Whitehead,on_spotify,strong,The Underground Railroad,Colson Whitehead,Bahni Turpin,en,Unabridged edition,199,2pzAwKtRqR0qJIIAkAMody,https://open.spotify.com/show/2pzAwKtRqR0qJIIAkAMody,,,1.000,yes,,yes,2024-12-25,
"The Undying: Pain, Vulnerability, Mortality, Medicine, Art, Time, Dreams, Data, Exhaustion, Cancer, and Care",Anne Boyer,on_spotify,strong,The Undying: A Meditation on Modern Illness,Anne Boyer,Amy Finegan,en,Unabridged edition,26,5NMpgpELqTS152pGn50chK,https://open.spotify.com/show/5NMpgpELqTS152pGn50chK,,,0.990,yes,yes,,2024-12-26,
The Vanishing Half,Brit Bennett,on_spotify,strong,The Vanishing Half: Shortlisted for the Women's Prize 2021,Brit Bennett,Shayna Small,en,Unabridged edition,39,0E6d0lnT5r2XWtW98MUIsB,https://open.spotify.com/show/0E6d0lnT5r2XWtW98MUIsB,1,en,0.990,yes,,yes,2024-12-25,
The Viking Heart: How Scandinavians Conquered the World,Arthur Herman,on_spotify,strong,The Viking Heart: How Scandinavians Conquered the World,Arthur Herman,Kiff VandenHeuvel,en,Unabridged edition,38,13IVGEOl6aFH2bDJYB9qFP,https://open.spotify.com/show/13IVGEOl6aFH2bDJYB9qFP,,,1.000,yes,yes,,2024-12-25,
The Villain's Dance,Fiston Mwanza Mujila,on_spotify,strong,The Villain's Dance,Fiston Mwanza Mujila,Amir Abdullah,en,Unabridged edition,57,7BFW1ViEczuVS6j1cHA0HT,https://open.spotify.com/show/7BFW1ViEczuVS6j1cHA0HT,,,1.000,yes,,yes,2024-12-26,
The Virgin Suicides,Jeffrey Eugenides,on_spotify,strong,The Virgin Suicides,Jeffrey Eugenides,Nick Landrum,en,Unabridged edition,19,5AONSmmEbQ2GpU4qeA9JdM,https://open.spotify.com/show/5AONSmmEbQ2GpU4qeA9JdM,1,fr,1.000,yes,,yes,2024-12-26,
"The Vortex: A True Story of History's Deadliest Storm, an Unspeakable War, and Liberation","Scott Carney, Jason Miklian",on_spotify,strong,"The Vortex: A True Story of History’s Deadliest Storm, an Unspeakable War, and Liberation – Carnegie Medal Longlisted Narrative on the Bhola Cyclone and Bangladesh",Scott Carney; Jason Miklian,Vikas Adam,en,Unabridged edition,77,765kJzRLxk5FVC66Qhd6dm,https://open.spotify.com/show/765kJzRLxk5FVC66Qhd6dm,,,0.990,yes,,yes,2024-12-26,
The Wall,Marlen Haushofer,on_spotify,strong,The Wall: The gripping dystopian cult classic,Marlen Haushofer; Claire-Louise Bennett,Sally Scott,en,Unabridged edition,14,7C74PWqj3UJZ9jviN3zONq,https://open.spotify.com/show/7C74PWqj3UJZ9jviN3zONq,,,0.990,yes,,yes,2025-08-25,
The Warmth of Other Suns: The Epic Story of America's Great Migration,Isabel Wilkerson,on_spotify,strong,The Warmth of Other Suns: The Epic Story of America's Great Migration,Isabel Wilkerson,Robin Miles,en,Unabridged edition,116,2t32T58pThnbbvrQOfkMjQ,https://open.spotify.com/show/2t32T58pThnbbvrQOfkMjQ,1,en,1.000,yes,,yes,2026-03-25,
The Wax Child,Olga Ravn,on_spotify,strong,The Wax Child: The thrilling International Booker-nominated tale of witchcraft,Olga Ravn,Freya Miller,en,Unabridged edition,97,6McajbUdG8roVPgjcSS4qT,https://open.spotify.com/show/6McajbUdG8roVPgjcSS4qT,,,0.990,yes,,yes,2026-03-09,
The White Castle,Orhan Pamuk,on_spotify,strong,The White Castle,Orhan Pamuk,John Lee,en,Unabridged edition,17,5Ha5zRZS0Uxls1GfZaFPct,https://open.spotify.com/show/5Ha5zRZS0Uxls1GfZaFPct,,,1.000,yes,,yes,2024-12-26,
The Wilderness,Ayşegül Savaş,on_spotify,strong,The Wilderness,Ayşegül Savaş,Ayşegül Savaş,en,Unabridged edition,45,45sB6RHbBjQYrYzVn0Pw6a,https://open.spotify.com/show/45sB6RHbBjQYrYzVn0Pw6a,,,1.000,yes,,yes,2026-07-27,
The Wind Whistling in the Cranes,Lídia Jorge,on_spotify,strong,The Wind Whistling in the Cranes: A Novel,Lídia Jorge,Cassandra Campbell,en,Unabridged edition,34,39S0akMjmMOouWzrcxHu0a,https://open.spotify.com/show/39S0akMjmMOouWzrcxHu0a,,,1.000,yes,,yes,2024-12-26,
The Women,Kristin Hannah,on_spotify,strong,The Women: A Novel,Kristin Hannah,Julia Whelan; Kristin Hannah,en,Unabridged edition,42,5tKn33IBr9O262GUdPT1yP,https://open.spotify.com/show/5tKn33IBr9O262GUdPT1yP,,,1.000,yes,,yes,2025-03-31,
The Wood at Midwinter,Susanna Clarke,on_spotify,strong,The Wood at Midwinter,Susanna Clarke,Susanna Clarke,en,Unabridged edition,5,1TvzqyhxfzeMZJWya3rSx6,https://open.spotify.com/show/1TvzqyhxfzeMZJWya3rSx6,,,1.000,yes,,yes,2024-12-29,
The World According to Garp,John Irving,on_spotify,strong,The World According to Garp: A Novel,John Irving,MacLeod Andrews; John Irving,en,Unabridged edition,24,0qkQ15hU0rS94kV89KGIfO,https://open.spotify.com/show/0qkQ15hU0rS94kV89KGIfO,1,en,1.000,yes,,yes,2025-01-07,
The World in a Grain: The Story of Sand and How It Transformed Civilization,Vince Beiser,on_spotify,strong,The World in a Grain: The Story of Sand and How It Transformed Civilization,Vince Beiser,Will Damron,en,Unabridged edition,17,0o2cqZxvv2otPQxdNRHOgb,https://open.spotify.com/show/0o2cqZxvv2otPQxdNRHOgb,,,1.000,yes,,yes,2024-12-26,
The World In The Evening,Christopher Isherwood,on_spotify,strong,The World in the Evening,Christopher Isherwood,"Adam Sims, Lucy Scott",en,Unabridged edition,20,5b4MW6CCT3uch15Alp0Nue,https://open.spotify.com/show/5b4MW6CCT3uch15Alp0Nue,,,1.000,yes,yes,,2025-04-10,
The World of Yesterday,Stefan Zweig,on_spotify,strong,The World of Yesterday: Memoirs of a European,Stefan Zweig,David Horovitch,en,Unabridged edition,60,3o7d1qyYVHPg6D2RfFbkHp,https://open.spotify.com/show/3o7d1qyYVHPg6D2RfFbkHp,1,en,0.990,yes,,yes,2024-12-26,
The World: A Family History of Humanity,Simon Sebag Montefiore,on_spotify,strong,The World: A Family History of Humanity,Simon Sebag Montefiore,Simon Sebag Montefiore; Full Cast,en,Unabridged edition,406,5BMRZlyGtSrdsx3oSfeE4m,https://open.spotify.com/show/5BMRZlyGtSrdsx3oSfeE4m,1,en,1.000,yes,yes,,2024-12-26,
Their Eyes Were Watching God,Zora Neale Hurston,on_spotify,strong,Their Eyes Were Watching God: A Novel,Zora Neale Hurston,Ruby Dee,en,Unabridged edition,37,5Cyrh0JPcHnRe83cINm4VC,https://open.spotify.com/show/5Cyrh0JPcHnRe83cINm4VC,,,1.000,yes,yes,,2024-12-26,
"There Will Be Fire: Margaret Thatcher, the IRA, and Two Minutes That Changed History",Rory Carroll,on_spotify,strong,"There Will Be Fire: Margaret Thatcher, the IRA, and Two Minutes That Changed History",Rory Carroll,John Keating,en,Unabridged edition,27,0FN4iLA4dir66eBadb3HNI,https://open.spotify.com/show/0FN4iLA4dir66eBadb3HNI,,,1.000,yes,,yes,2024-12-26,
There's No Such Thing as an Easy Job,Kikuko Tsumura,on_spotify,strong,There's No Such Thing as an Easy Job,Kikuko Tsumura,Cindy Kay,en,Unabridged edition,7,0dwZS7ZlkKipFGukj1C3ta,https://open.spotify.com/show/0dwZS7ZlkKipFGukj1C3ta,,,1.000,yes,,yes,2025-07-07,
They Both Die at the End,Adam Silvera,on_spotify,strong,They Both Die at the End,Adam Silvera,Michael Crouch; Robbie Daymond; Bahni Turpin,en,Unabridged edition,261,37MstFanAbS9Rq6BEKUOWk,https://open.spotify.com/show/37MstFanAbS9Rq6BEKUOWk,1,en,1.000,yes,,yes,2025-01-06,
Things I Don't Want to Know,Deborah Levy,on_spotify,strong,Things I Don't Want to Know: Living Autobiography 1,Deborah Levy,Juliet Stevenson,en,Unabridged edition,5,31MJaiJ6bYIMY5QiK0QBmw,https://open.spotify.com/show/31MJaiJ6bYIMY5QiK0QBmw,,,0.990,yes,yes,,2024-12-26,
This Is Going to Hurt: Secret Diaries of a Junior Doctor,Adam Kay,on_spotify,strong,"This is Going to Hurt: The bestselling secret diaries of a junior doctor, now a major BBC comedy-drama",Adam Kay,Adam Kay,en,Unabridged edition,16,4oECAxRJnfqy9nlO0H8ATB,https://open.spotify.com/show/4oECAxRJnfqy9nlO0H8ATB,,,0.990,yes,,yes,2026-03-02,
This Mournable Body,Tsitsi Dangarembga,on_spotify,strong,This Mournable Body: A Novel,Tsitsi Dangarembga,Adenrele Ojo,en,Unabridged edition,23,1m7Tv4SFSDeeLYxpvBIz9t,https://open.spotify.com/show/1m7Tv4SFSDeeLYxpvBIz9t,,,1.000,yes,yes,,2024-12-24,
Time Shelter: A Novel,Georgi Gospodinov,on_spotify,strong,Time Shelter: Winner of the International Booker Prize 2023,Georgi Gospodinov,Toby Stephens,en,Unabridged edition,140,4cYV1WUVuRyPqHNAHo9lux,https://open.spotify.com/show/4cYV1WUVuRyPqHNAHo9lux,,,0.990,yes,yes,,2026-01-30,
Timequake,Kurt Vonnegut,on_spotify,strong,Timequake,Kurt Vonnegut,Arthur Bishop,en,Unabridged edition,69,5n1yN8yXXILChInnAFHZzR,https://open.spotify.com/show/5n1yN8yXXILChInnAFHZzR,,,1.000,yes,,yes,2024-12-26,
To Have and Have Not,Ernest Hemingway,on_spotify,strong,To Have and Have Not,Ernest Hemingway,Will Patton,en,Unabridged edition,6,1jnsGPrNefkENhVft1Pxft,https://open.spotify.com/show/1jnsGPrNefkENhVft1Pxft,,,1.000,yes,,yes,2024-12-24,
To Paradise,Hanya Yanagihara,on_spotify,strong,To Paradise: A Novel,Hanya Yanagihara,Edoardo Ballerini; Catherine Ho; BD Wong; Feodor Chin; Kurt Kanazawa,en,Unabridged edition,69,0aM304bjZQ4e2sPcfT60uf,https://open.spotify.com/show/0aM304bjZQ4e2sPcfT60uf,1,en,1.000,yes,,yes,2024-12-26,
To the End of the Land,David Grossman,on_spotify,strong,To the End of the Land,David Grossman,Arthur Morey,en,Unabridged edition,254,1Lnub4gQOWJGCCu1vIPhke,https://open.spotify.com/show/1Lnub4gQOWJGCCu1vIPhke,,,1.000,yes,,yes,2024-12-26,
Tokyo Express,Seichō Matsumoto,on_spotify,strong,Tokyo Express,Seicho Matsumoto,Eleanor Matsuura,en,Unabridged edition,16,6I5SN4sAkIhTCoswv86Lzm,https://open.spotify.com/show/6I5SN4sAkIhTCoswv86Lzm,1,en,1.000,yes,yes,,2026-08-17,
Tokyo Vice: An American Reporter on the Police Beat in Japan,Jake Adelstein,on_spotify,strong,Tokyo Vice: An American Reporter on the Police Beat in Japan,Jake Adelstein,Jake Adelstein,en,Unabridged edition,44,4OXRfIEnyDWbLOjWVfGGPH,https://open.spotify.com/show/4OXRfIEnyDWbLOjWVfGGPH,1,fr,1.000,yes,,yes,2024-12-26,
Tomb of Sand: A Novel,Geetanjali Shree,on_spotify,strong,Tomb of Sand: A Novel,Geetanjali Shree,Deepti Gupta,en,Unabridged edition,332,2YRdnAwPZLhn04EAa119Ah,https://open.spotify.com/show/2YRdnAwPZLhn04EAa119Ah,,,1.000,yes,,yes,2024-12-25,
Too Much of Life: Complete Chronicles,Clarice Lispector,on_spotify,strong,Too Much of Life: The Complete Crônicas,Clarice Lispector; Paulo Gurgel Valente,Roxanne Hernandez,en,Unabridged edition,33,52TgLYn7XCcms7Rgs7Rz0F,https://open.spotify.com/show/52TgLYn7XCcms7Rgs7Rz0F,,,0.990,yes,yes,,2026-03-02,
Tracks,Louise Erdrich,on_spotify,strong,Tracks: A Novel,Louise Erdrich,Anna Fields,en,Unabridged edition,12,0KU5NfT49J9kU0WlcqY4Gr,https://open.spotify.com/show/0KU5NfT49J9kU0WlcqY4Gr,,,1.000,yes,yes,,2025-09-25,
Trade Wars Are Class Wars: How Rising Inequality Distorts the Global Economy and Threatens International Peace,"Michael Pettis, Matthew C. Klein",on_spotify,strong,Trade Wars Are Class Wars: How Rising Inequality Distorts the Global Economy and Threatens International Peace,Matthew C. Klein; Michael Pettis,Bob Souer,en,Unabridged edition,14,4BlWAFt5BoGchaPGxAhbcA,https://open.spotify.com/show/4BlWAFt5BoGchaPGxAhbcA,,,1.000,yes,,yes,2024-12-26,
Train Dreams: A Novella,Denis Johnson,on_spotify,strong,Train Dreams: A Novella,Denis Johnson,Will Patton,en,Unabridged edition,24,07j0lWXVpFKoVspS1cLU57,https://open.spotify.com/show/07j0lWXVpFKoVspS1cLU57,,,1.000,yes,,yes,2024-12-25,
Translating Myself and Others,Jhumpa Lahiri,on_spotify,strong,Translating Myself and Others,Jhumpa Lahiri,Jhumpa Lahiri; Sneha Mathan,en,Unabridged edition,14,6ZDKDxfDhr4E8U0TeNSuvv,https://open.spotify.com/show/6ZDKDxfDhr4E8U0TeNSuvv,,,1.000,yes,,yes,2024-12-24,
Tristes Tropiques,"Claude Lévi-Strauss, John Weightman, Doreen Weightman",on_spotify,strong,Tristes tropiques (Volume 3),Claude Lévi-Strauss,Jean-Pierre Lorit,fr,Unabridged edition,86,7HMuIokKG4tgbyuvoKGEdY,https://open.spotify.com/show/7HMuIokKG4tgbyuvoKGEdY,2,fr,1.000,yes,yes,,2024-12-26,
True Biz,Sara Nović,on_spotify,strong,True Biz: A Novel,Sara Novic,Lisa Flanagan; Kaleo Griffith,en,Unabridged edition,180,6XGpJKdvSa8SV08QwTkAvn,https://open.spotify.com/show/6XGpJKdvSa8SV08QwTkAvn,1,en,1.000,yes,,yes,2025-03-17,
Trust,Hernan Diaz,on_spotify,strong,Trust (Pulitzer Prize Winner),Hernan Diaz,Edoardo Ballerini; Jonathan Davis; Mozhan Marnò; Orlagh Cassidy,en,Unabridged edition,93,3cYdQRKarpGap6SrwtNUXV,https://open.spotify.com/show/3cYdQRKarpGap6SrwtNUXV,2,"en, fr",1.000,yes,,yes,2024-12-26,
Truth Telling: Seven Conversations about Indigenous Life in Canada,Michelle Good,on_spotify,strong,Truth Telling: Essays On Indigenous Truth and Reconciliation,Michelle Good,Megan Tooley,en,Unabridged edition,13,4gpF6dkjXa0B3AJl2CaSEL,https://open.spotify.com/show/4gpF6dkjXa0B3AJl2CaSEL,,,0.990,yes,,yes,2026-01-26,
Two Boys Kissing,David Levithan,on_spotify,strong,Two Boys Kissing,David Levithan,David Levithan,en,Unabridged edition,21,3Q3wVZLvk12IN8OhUhJwgG,https://open.spotify.com/show/3Q3wVZLvk12IN8OhUhJwgG,,,1.000,yes,yes,,2026-07-02,
Tyranny of the Minority,"Steven Levitsky, Daniel Ziblatt",on_spotify,strong,Tyranny of the Minority: Why American Democracy Reached the Breaking Point,Steven Levitsky; Daniel Ziblatt,Fred Sanders,en,Unabridged edition,15,0TEBAHKbxM42FceAAxP1S3,https://open.spotify.com/show/0TEBAHKbxM42FceAAxP1S3,1,en,0.990,yes,yes,,2025-08-25,
Ukraine: The Forging of a Nation,Yaroslav Hrytsak,on_spotify,strong,UKRAINE The Forging of a Nation,Yaroslav Hrytsak,Greg Kolpakchi,en,Unabridged edition,22,5WzCIeuvEqew9JGTccLP3A,https://open.spotify.com/show/5WzCIeuvEqew9JGTccLP3A,,,1.000,yes,yes,,2024-12-26,
Un certain Paul Darrigrand,Philippe Besson,on_spotify,strong,Un certain Paul Darrigrand,Philippe Besson,Patrick Donnay,fr,Unabridged edition,20,3xRz1g3ETnLgmWrfuh92tD,https://open.spotify.com/show/3xRz1g3ETnLgmWrfuh92tD,,,1.000,yes,yes,,2026-03-17,
Unaccustomed Earth,Jhumpa Lahiri,on_spotify,strong,Unaccustomed Earth: Stories,Jhumpa Lahiri,Sarita Choudhury; Ajay Naidu,en,Unabridged edition,5,1PX4YPlUx0BsLWcNTbo3X0,https://open.spotify.com/show/1PX4YPlUx0BsLWcNTbo3X0,,,0.990,yes,,yes,2024-12-24,
Uncle Vanya,Anton Chekhov,on_spotify,strong,Uncle Vanya,Anton Chekhov,Josh Radnor; Stacy Keach; Martin Jarvis,en,Unabridged edition,8,0FMGVMnWFeUB7sjbmz4dZy,https://open.spotify.com/show/0FMGVMnWFeUB7sjbmz4dZy,3,en,1.000,yes,,yes,2024-12-25,
Under the Dome,Stephen King,on_spotify,strong,Under The Dome: A Novel,Stephen King,Raúl Esparza,en,Unabridged edition,42,203pOiSvlvcNbPTKrvZY4a,https://open.spotify.com/show/203pOiSvlvcNbPTKrvZY4a,,,1.000,yes,,yes,2024-12-26,
Vanity Fair,William Makepeace Thackeray,on_spotify,strong,Vanity Fair,William Makepeace Thackeray,Wanda McCaddon,en,Unabridged edition,138,16E3ZFjINGbfkum5JvK9eA,https://open.spotify.com/show/16E3ZFjINGbfkum5JvK9eA,4,en,1.000,yes,,yes,2025-03-09,
Vi,Kim Thúy,on_spotify,strong,Vi,Kim Thuy,Kim Thúy,fr,Unabridged edition,24,6p9tP3xQbyPcJX5pkLqMOo,https://open.spotify.com/show/6p9tP3xQbyPcJX5pkLqMOo,1,fr,1.000,yes,,yes,2024-12-25,
Waiting to Be Arrested at Night: A Uyghur Poet's Memoir of China's Genocide,Tahir Hamut Izgil,on_spotify,strong,Waiting to Be Arrested at Night: A Uyghur Poet's Memoir of China's Genocide,Tahir Hamut Izgil; Joshua L. Freeman,Greg Watanabe,en,Unabridged edition,32,4VbMt8SJyxwfPWCUVSl2iQ,https://open.spotify.com/show/4VbMt8SJyxwfPWCUVSl2iQ,1,en,1.000,yes,,yes,2024-12-25,
Wake: The Hidden History of Women-Led Slave Revolts,Rebecca Hall,on_spotify,strong,Wake: The Hidden History of Women-Led Slave Revolts,Rebecca Hall; Tyler English-Beckwith,DeWanda Wise; Chanté Adams; Jerrie Johnson; Folake Olowofoyeku; Bahni Turpin; Rhian Rees; Karen Malina White; Román Zaragoza; Alex Ubokudom; John Stewart; Blake Cooper Griffin; Tim DeKay; Katherine McNamara; Kate Steele; Matthew Wolf; Andre Sogliuzzo; Saundra McClain,en,Unabridged edition,2,51nmUJ4XpLjFLD3S0XjF6D,https://open.spotify.com/show/51nmUJ4XpLjFLD3S0XjF6D,,,1.000,yes,,yes,2024-12-26,
Waking Lions,Ayelet Gundar-Goshen,on_spotify,strong,Waking Lions,Ayelet Gundar-Goshen,Paul Boehmer,en,Unabridged edition,29,216cAnusYPc3noQPXJulbG,https://open.spotify.com/show/216cAnusYPc3noQPXJulbG,,,1.000,yes,,yes,2024-12-25,
Walking on the Ceiling,Ayşegül Savaş,on_spotify,strong,Walking on the Ceiling,Aysegül Savas,Mozhan Marnòer,en,Unabridged edition,77,6ztOp2JBQ429xnMBO0z0z7,https://open.spotify.com/show/6ztOp2JBQ429xnMBO0z0z7,1,en,1.000,yes,,yes,2026-07-27,
War and Peace,Leo Tolstoy,on_spotify,strong,War And Peace,Leo Tolstoy,Philip Cooper,en,Unabridged edition,368,14JVcOOfPMJIVMGRHYBj9V,https://open.spotify.com/show/14JVcOOfPMJIVMGRHYBj9V,4,en,1.000,yes,yes,,2024-12-24,
Water Moon,Samantha Sotto Yambao,on_spotify,strong,Water Moon: A Novel,Samantha Sotto Yambao,Cindy Kay,en,Unabridged edition,70,4xwcsC6JHw4HLVuKoJSEPO,https://open.spotify.com/show/4xwcsC6JHw4HLVuKoJSEPO,3,"en, nl, de",1.000,yes,,yes,2026-07-25,
Watership Down,Richard Adams,on_spotify,strong,Watership Down,Richard Adams,Peter Capaldi,en,Unabridged edition,57,5J6jhAcME6KAYolmolJEIe,https://open.spotify.com/show/5J6jhAcME6KAYolmolJEIe,1,fr,1.000,yes,,yes,2025-12-08,
"Wayward Lives, Beautiful Experiments: Intimate Histories of Riotous Black Girls, Troublesome Women, and Queer Radicals",Saidiya Hartman,on_spotify,strong,"Wayward Lives, Beautiful Experiments",Saidiya Hartman,Allyson Johnson,en,Unabridged edition,25,2pEWxksOoukmqO1rgYGldL,https://open.spotify.com/show/2pEWxksOoukmqO1rgYGldL,,,0.990,yes,,yes,2026-06-28,
We,Yevgeny Zamyatin,on_spotify,strong,We,Yevgeny Zamyatin,07,en,Unabridged edition,42,7379RFODO3C9151OWjVKXM,https://open.spotify.com/show/7379RFODO3C9151OWjVKXM,5,en,1.000,yes,yes,,2024-12-25,
We Are All Birds of Uganda,Hafsa Zayyan,on_spotify,strong,We Are All Birds of Uganda,Hafsa Zayyan,Taheen Modak; Sagar Arya,en,Unabridged edition,27,6s6GVMhndroTVRIPLHqvqa,https://open.spotify.com/show/6s6GVMhndroTVRIPLHqvqa,,,1.000,yes,,yes,2024-12-25,
We Are Green and Trembling,Gabriela Cabezón Cámara,on_spotify,strong,We Are Green and Trembling: Longlisted for the International Booker Prize 2026,Gabriela Cabezón Cámara,Elena Sanz; Oliver James Parkins,en,Unabridged edition,39,4VxDQdbwAlSG0JatGXILur,https://open.spotify.com/show/4VxDQdbwAlSG0JatGXILur,,,0.990,yes,yes,,2026-02-13,
We Need to Talk About Kevin,Lionel Shriver,on_spotify,strong,"We Need to Talk About Kevin: The Women’s Prize winning modern classic and international bestseller, a new edition for 2026",Lionel Shriver,Tara Ward,en,Unabridged edition,35,1v4az7s4cZOwWPBO9IRXQi,https://open.spotify.com/show/1v4az7s4cZOwWPBO9IRXQi,,,0.990,yes,yes,,2026-01-27,
We Should All Be Feminists,Chimamanda Ngozi Adichie,on_spotify,strong,We Should All Be Feminists,Chimamanda Ngozi Adichie,Chimamanda Ngozi Adichie,en,Unabridged edition,9,7c9Gb1jE81P2lcvFlqy2HK,https://open.spotify.com/show/7c9Gb1jE81P2lcvFlqy2HK,,,1.000,yes,yes,,2024-12-25,
We the Animals,Justin Torres,on_spotify,strong,We the Animals,Justin D. Torres,Frankie J. Alvarez,en,Unabridged edition,23,2qma4jkhWRMBGfuoOCJnLo,https://open.spotify.com/show/2qma4jkhWRMBGfuoOCJnLo,,,1.000,yes,,yes,2024-12-26,
Welcome to the Monkey House,Kurt Vonnegut,on_spotify,strong,Welcome to the Monkey House,Kurt Vonnegut,David Strathairn; Maria Tucci,en,Unabridged edition,28,2wDwBnB06yXWimeTstw6DK,https://open.spotify.com/show/2wDwBnB06yXWimeTstw6DK,,,1.000,yes,,yes,2025-07-07,
Wellness,Nathan Hill,on_spotify,strong,Wellness: A Novel (Oprah's Book Club),Nathan Hill,Ari Fliakos,en,Unabridged edition,52,78EcNqhhddH172awH6u0G7,https://open.spotify.com/show/78EcNqhhddH172awH6u0G7,4,"en, fi, it, de",1.000,yes,,yes,2024-12-26,
"What Am I, A Deer?",Polly Barton,on_spotify,strong,"What Am I, A Deer? (Unabridged)",Polly Barton,Polly Barton,en,Unabridged edition,41,3BCcTa5nOhxBLoIdyVIArN,https://open.spotify.com/show/3BCcTa5nOhxBLoIdyVIArN,,,1.000,yes,yes,,2026-05-04,
What Does Israel Fear from Palestine?,Raja Shehadeh,on_spotify,strong,What Does Israel Fear from Palestine?,Raja Shehadeh,Khalid Abdalla,en,Unabridged edition,7,5obyvCYOFYSQatIKxB8qdl,https://open.spotify.com/show/5obyvCYOFYSQatIKxB8qdl,,,1.000,yes,,yes,2024-12-26,
What I Talk About When I Talk About Running,Haruki Murakami,on_spotify,strong,What I Talk About When I Talk About Running,Haruki Murakami,Ray Porter,en,Unabridged edition,13,650rSXZh5O4a52C42spjKg,https://open.spotify.com/show/650rSXZh5O4a52C42spjKg,,,1.000,yes,,yes,2024-12-24,
What We Can Know,Ian McEwan,on_spotify,strong,What We Can Know: The new Sunday Times bestseller from the author of Atonement,Ian McEwan,David Rintoul; Rachel Bavidge,en,Unabridged edition,45,0zYfkYDbYFCKcCRrq4z1cz,https://open.spotify.com/show/0zYfkYDbYFCKcCRrq4z1cz,,,0.990,yes,yes,,2025-11-17,
When the Emperor Was Divine,Julie Otsuka,on_spotify,strong,When the Emperor Was Divine,Julie Otsuka,Elaina Erika Davis,en,Unabridged edition,47,3G55zGtexwAP1hoEV7VgC1,https://open.spotify.com/show/3G55zGtexwAP1hoEV7VgC1,,,1.000,yes,,yes,2025-07-14,
Where the Crawdads Sing,Delia Owens,on_spotify,strong,Where the Crawdads Sing: Reese's Book Club,Delia Owens,Cassandra Campbell,en,Unabridged edition,98,1gXXTW9QtdAgcyoiICX69R,https://open.spotify.com/show/1gXXTW9QtdAgcyoiICX69R,,,0.990,yes,yes,,2024-12-25,
Where the Line Bleeds,Jesmyn Ward,on_spotify,strong,Where the Line Bleeds,Jesmyn Ward,Myra Lucretia Taylor,en,Unabridged edition,17,7GTSCyf3G5eksfKoKXrqfy,https://open.spotify.com/show/7GTSCyf3G5eksfKoKXrqfy,,,1.000,yes,yes,,2024-12-26,
Whistler,Ann Patchett,on_spotify,strong,Whistler: A Novel,Ann Patchett,Ann Patchett,en,Unabridged edition,19,3uVfopJeEhksisiFUj4Utj,https://open.spotify.com/show/3uVfopJeEhksisiFUj4Utj,1,en,1.000,yes,,yes,2026-06-29,
White on White,Ayşegül Savaş,on_spotify,strong,White on White: A Novel,Aysegül Savas,Imani Jade Powers,en,Unabridged edition,26,2lMqTiHK4R6iPGMHke1pP7,https://open.spotify.com/show/2lMqTiHK4R6iPGMHke1pP7,,,1.000,yes,,yes,2026-07-27,
Why We Sleep: Unlocking the Power of Sleep and Dreams,Matthew Walker,on_spotify,strong,Why We Sleep: Unlocking the Power of Sleep and Dreams,Matthew Walker PhD,Steve West,en,Unabridged edition,22,4ZQz6AmfQuyX1iHCh4B4wk,https://open.spotify.com/show/4ZQz6AmfQuyX1iHCh4B4wk,1,en,1.000,yes,,yes,2025-03-10,
Wolf Hall,Hilary Mantel,on_spotify,strong,Wolf Hall,Hilary Mantel,Ben Miles,en,Unabridged edition,34,3nr4eQyBDLvXipDa7hu1zy,https://open.spotify.com/show/3nr4eQyBDLvXipDa7hu1zy,1,en,1.000,yes,,yes,2024-12-26,
Wool,Hugh Howey,on_spotify,strong,Wool,Hugh Howey,Edoardo Ballerini,en,Unabridged edition,172,0bFVX8pkppRqybMLWXHLKa,https://open.spotify.com/show/0bFVX8pkppRqybMLWXHLKa,1,en,1.000,yes,,yes,2025-08-25,
Wuthering Heights,Emily Brontë,on_spotify,strong,Wuthering Heights,Emily Brontë,Billie Fulford-Brown,en,Unabridged edition,37,3d0P9yQ2DAgewdokGRWeZm,https://open.spotify.com/show/3d0P9yQ2DAgewdokGRWeZm,3,en,1.000,yes,yes,,2024-12-25,
Yama: The Pit,Aleksandr Kuprin,on_spotify,strong,Yama (Unabridged),Aleksandr Kuprin,Digital Voice Marcus G,en,Unabridged edition,45,7mBQk1Kwe7sWUrFRlhZI0l,https://open.spotify.com/show/7mBQk1Kwe7sWUrFRlhZI0l,,,0.990,yes,yes,,2025-10-27,
Bestiary: The Selected Stories of Julio Cortázar,Julio Cortázar,probably,likely,Bestiario,Julio Cortázar,Leandro Schnitman,es,Unabridged edition,12,4xbRGIbghTnHgjuBqcDQhW,https://open.spotify.com/show/4xbRGIbghTnHgjuBqcDQhW,,,0.815,yes,,yes,2025-03-25,
Chapterhouse: Dune,Frank Herbert,probably,likely,Chapterhouse Dune: Book Six in the Dune Chronicles,Frank Herbert,Scott Brick; Simon Vance; Katherine Kellgren; Euan Morton,en,Unabridged edition,259,4MdJMeFuRsApK4dRmfF4KW,https://open.spotify.com/show/4MdJMeFuRsApK4dRmfF4KW,,,0.819,yes,,yes,2024-12-24,
The Family Moskat,Isaac Bashevis Singer,probably,likely,Familien Moskat,Isaac Bashevis Singer,Sonja Bjørn Bentzen,da,Unabridged edition,956,4EiK28RWfNmtdHZyP21RnF,https://open.spotify.com/show/4EiK28RWfNmtdHZyP21RnF,,,0.857,yes,,yes,2024-12-26,
The Kangaroo Chronicles,Marc-Uwe Kling,probably,likely,The Kangaroo Chronicles - Best Of,Marc-Uwe Kling,Marc-Uwe Kling,en,Abridged edition,29,0HESvLWzHN6tnZXANAxKKe,https://open.spotify.com/show/0HESvLWzHN6tnZXANAxKKe,,,0.826,yes,yes,,2025-02-10,
The Lady with the Little Dog,Anton Chekhov,probably,likely,The Lady With The Dog,Anton Chekhov,Digital Voice Matthew Schmitz E,en,Unabridged edition,7,0T1XiOnIn6CX1to1o75uHo,https://open.spotify.com/show/0T1XiOnIn6CX1to1o75uHo,3,en,0.829,yes,,yes,2024-12-25,
The Letters of the Younger Pliny,Pliny the Younger,probably,likely,The Letters of Pliny the Younger,Pliny the Younger,Leighton Pugh,en,Unabridged edition,374,2z1ePzq6jXW19ejstfL8eB,https://open.spotify.com/show/2z1ePzq6jXW19ejstfL8eB,,,0.786,yes,,yes,2024-12-25,
Values,Mark Carney,probably,likely,Value(s): An Economist’s Guide to Everything That Matters,Mark Carney,Mark Carney,en,Unabridged edition,43,236ZfjZDIC9lesQ1pROLRl,https://open.spotify.com/show/236ZfjZDIC9lesQ1pROLRl,,,0.900,yes,,yes,2024-12-25,
Everything I Never Told You,Celeste Ng,check,unconfirmed,Everything I Never Told You: A Novel,Celeste Ng,Cassandra Campbell,en,Unabridged,30,5UxX75YWS96t7Su3f6OPEY,https://open.spotify.com/show/5UxX75YWS96t7Su3f6OPEY,,,1.000,no,,yes,2024-12-26,
Gods Behaving Badly,Marie Phillips,check,unconfirmed,"God Behaving Badly (Expanded Edition): Is the God of the Old Testament Angry, Sexist and Racist?",David T. Lamb,Al Kessel,en,Unabridged edition,25,3611pnibizXLOvSsQ3mGfn,https://open.spotify.com/show/3611pnibizXLOvSsQ3mGfn,,,0.963,no,,yes,2024-12-26,
Imagined Communities: Reflections on the Origin and Spread of Nationalism,Benedict Anderson,check,unconfirmed,"Imagined Communities: Reflections on the Origin and Spread of Nationalism by Benedict Anderson: Key Takeaways, Summary & Analysis",5 Minute Classics,Digital Voice Josh E,en,Unabridged edition,14,1dlcKlBG5u9KZcEQzgp9cG,https://open.spotify.com/show/1dlcKlBG5u9KZcEQzgp9cG,,,0.990,no,,yes,2024-12-26,
Medea,Seneca,check,unconfirmed,Medea,Euripides,Mark Bowen,en,Unabridged edition,6,42LZT7jU6QsurBiDHhhJlI,https://open.spotify.com/show/42LZT7jU6QsurBiDHhhJlI,,,1.000,no,,yes,2024-12-25,
"Merchants: The Community That Shaped England's Trade and Empire, 1550-1650",Edmond Smith,check,unconfirmed,Merchant,Chuck Black,Michael Orenstein; Austenne Grey; Emily Ellet,en,Unabridged edition,21,05X2sebFqWt3eM9X53ZVZj,https://open.spotify.com/show/05X2sebFqWt3eM9X53ZVZj,,,0.932,no,,yes,2024-12-25,
My Struggle Book 1: A Death in the Family,Karl Ove Knausgård,check,unconfirmed,"My Struggle, Book 1",Karl Ove Knausgaard,Edoardo Ballerini,en,Unabridged edition,5,6oKADo8QhycAfQaS70hxTc,https://open.spotify.com/show/6oKADo8QhycAfQaS70hxTc,4,en,0.990,no,,yes,2024-12-26,
Peach Blossom Spring,Melissa Fu,check,unconfirmed,"Peach Blossom Spring: A glorious, sweeping novel about family and the search for home",Melissa Fu,Eugenia Low,en,Unabridged edition,35,4VK49ylKMZbyoObnxNsRcC,https://open.spotify.com/show/4VK49ylKMZbyoObnxNsRcC,,,0.990,no,,,2024-12-25,
plastic: A Poem,Matthew Rice,check,unconfirmed,Plastic: A Novel,Scott Guild,Jorjeana Marie; Will Damron,en,Unabridged edition,27,21mwFsgYNR83bIlVexNYbr,https://open.spotify.com/show/21mwFsgYNR83bIlVexNYbr,,,0.990,no,,yes,2026-01-08,
Rome: A Living Portrait of an Ancient City,Stephen L. Dyson,check,unconfirmed,"Rome: The action-packed, rip-roaring historical epic from the Sunday Times bestseller!",Ben Kane,Emer Heatley,en,Unabridged edition,41,3R3qcbVaJcvNhwHvmZPUpv,https://open.spotify.com/show/3R3qcbVaJcvNhwHvmZPUpv,,,0.990,no,,yes,2024-12-25,
Stay with Me,Ayọ̀bámi Adébáyọ̀,check,unconfirmed,Stay with Me,Alexandria House,Mari; Sean Crisden,en,Unabridged edition,37,2XrhuYEqiOUo2w92GaVydt,https://open.spotify.com/show/2XrhuYEqiOUo2w92GaVydt,,,1.000,no,,yes,2024-12-26,
Taxocracy: What You Don't Know About Taxes and How They Rule Your Daily Life,Scott Hosge,check,unconfirmed,Taxocracy: What You Don't Know About Taxes and How They Rule Your Daily Life,Scott Hodge,Michael Butler Murray,en,Unabridged edition,41,4VPhpPJRmMqvIFnp3hnaHV,https://open.spotify.com/show/4VPhpPJRmMqvIFnp3hnaHV,,,1.000,no,,yes,2024-12-26,
The Bhagavad Gita,"Simon Brodbeck, Krishna-Dwaipayana Vyasa",check,unconfirmed,The Bhagavad Gita,Jack Hawley,Jack Hawley,en,Unabridged edition,24,1Fd3W5ysOfvRvLSVVNKyoa,https://open.spotify.com/show/1Fd3W5ysOfvRvLSVVNKyoa,1,en,1.000,no,,yes,2025-04-10,
The Cook,Maylis de Kerangal,check,unconfirmed,The Cook: The gripping unmissable thriller from the award-winning author of The Waiter,Ajay Chowdhury,Mikhail Sen,en,Unabridged edition,57,1nNLPObprKf8OgiTD9YXFz,https://open.spotify.com/show/1nNLPObprKf8OgiTD9YXFz,,,0.990,no,,,2026-01-01,
"The Normans: Power, Conquest and Culture in 11th Century Europe",Judith Green,check,unconfirmed,The Normans: From Raiders to Kings,Lars Brownworth,James C. Lewis,en,Unabridged edition,21,2eiclW2Gcnd2q02Ohz6K7E,https://open.spotify.com/show/2eiclW2Gcnd2q02Ohz6K7E,,,0.990,no,,yes,2024-12-25,
The Search,Naguib Mahfouz,check,unconfirmed,The Search: Finding Meaningful Work in a Post-Career World,Bruce Feiler,Bruce Feiler,en,Unabridged edition,19,7EeYBW9DKIYudqTiCa6myB,https://open.spotify.com/show/7EeYBW9DKIYudqTiCa6myB,,,0.990,no,,yes,2025-03-04,
The Surveillance: Tales of White Terror in Taiwan,C.J. Anderson-Wu,check,unconfirmed,Surveillance: A Very Short Introduction,David Lyon,Graham Mack,en,Unabridged edition,9,1Zuuy4iMlaLpnJXwQR1bwd,https://open.spotify.com/show/1Zuuy4iMlaLpnJXwQR1bwd,1,en,0.990,no,,yes,2025-05-30,
Work-Life Balance: Malevolent Managers and Folkloric Freelancers,"Wayne Rée, Benjamin Chee",check,unconfirmed,Work-Life Balance,Introbooks Team,Andrea Giordani,en,Unabridged edition,11,1hCetnJeA66rjvEI1pIXZL,https://open.spotify.com/show/1hCetnJeA66rjvEI1pIXZL,,,0.990,no,,yes,2026-01-12,
'Madonna is Our Mother': Notes from Malawi,Muti Michael Phoya,not_found,none,,,,,,,,,,,0.000,no,,yes,2024-12-26,
22 vasche,Caroline Wahl,not_found,none,,,,,,,,,,,0.000,no,,,2025-03-17,
24 Hours in Ancient China,Dr. Yijie Zhuang,not_found,none,,,,,,,,,,,0.000,no,,,2025-04-28,
A Clean Well Lighted Place,Ernest Hemingway,not_found,none,,,,,,,,,,,0.000,no,,yes,2024-12-24,
A Cultural History of the British Empire,John MacKenzie,not_found,none,,,,,,,,,,,0.000,no,,,2024-12-26,
A Dam for Africa: Akosombo Stories from Ghana,Stephan F Miescher,not_found,none,,,,,,,,,,,0.000,no,,,2024-12-26,
A Family Supper,Kazuo Ishiguro,not_found,none,,,,,,,,,,,0.000,no,,yes,2025-04-25,
A General Theory of Oblivion,José Eduardo Agualusa,not_found,none,,,,,,,,,,,0.000,no,,yes,2024-12-25,
A Grain of Wheat,Ngũgĩ wa Thiong'o,not_found,none,,,,,,,,,,,0.000,no,,yes,2024-12-26,
A Parisian Affair and Other Stories,Guy de Maupassant,not_found,none,,,,,,,,,,,0.000,no,,,2024-12-25,
A Place in the Country,W.G. Sebald,not_found,none,,,,,,,,,,,0.000,no,,yes,2024-12-24,
A Practical Guide to Levitation: Stories,José Eduardo Agualusa,not_found,none,,,,,,,,,,,0.000,no,,,2026-06-20,
A Rainbow Thread: An Anthology of Queer Jewish Texts from the First Century to 1969,Noam Sienna,not_found,none,,,,,,,,,,,0.000,no,,yes,2024-12-25,
A Rome of One's Own: The Forgotten Women of the Roman Empire,Emma Southon,not_found,none,,,,,,,,,,,0.000,no,,yes,2026-08-08,
A Short History of Decay,E.M. Cioran,not_found,none,,,,,,,,,,,0.000,no,,yes,2024-12-26,
A Slanting of the Sun,Donal Ryan,not_found,none,,,,,,,,,,,0.000,no,,,2026-07-21,
A Soldier's Embrace: Stories,Nadine Gordimer,not_found,none,,,,,,,,,,,0.000,no,,yes,2025-11-02,
A State Built on Sand: How Opium Undermined Afghanistan,David Mansfield,not_found,none,,,,,,,,,,,0.000,no,,,2024-12-26,
A Trail of Crab Tracks,Patrice Nganang,not_found,none,,,,,,,,,,,0.000,no,,yes,2024-12-26,
A Very Old Man with Enormous Wings,Gabriel García Márquez,not_found,none,,,,,,,,,,,0.000,no,,yes,2024-12-24,
Accabadora,Michela Murgia,not_found,none,,,,,,,,,,,0.000,no,,yes,2025-03-10,
Activities of Daily Living,Lisa Hsiao Chen,not_found,none,,,,,,,,,,,0.000,no,,yes,2024-12-26,
Acts of Worship: Seven Stories,Yukio Mishima,not_found,none,,,,,,,,,,,0.000,no,,yes,2024-12-26,
Ada or Ardor,Vladimir Nabokov,not_found,none,,,,,,,,,,,0.000,no,,yes,2024-12-24,
Adrift on the Nile,Naguib Mahfouz,not_found,none,,,,,,,,,,,0.000,no,,yes,2025-03-04,
Adventures of a British Master Spy: The Memoirs of Sydney Reilly,Sidney Reilly,not_found,none,,,,,,,,,,,0.000,no,,,2024-12-26,
African American Religion: A Very Short Introduction,Eddie S. Glaude Jr.,not_found,none,,,,,,,,,,,0.000,no,,yes,2024-12-25,
African Psycho,Alain Mabanckou,not_found,none,,,,,,,,,,,0.000,no,,,2025-06-05,
African Religions: A Very Short Introduction,Jacob K. Olupona,not_found,none,,,,,,,,,,,0.000,no,,yes,2024-12-25,
After Nature,W.G. Sebald,not_found,none,,,,,,,,,,,0.000,no,,,2024-12-24,
After the Banquet,Yukio Mishima,not_found,none,,,,,,,,,,,0.000,no,,yes,2024-12-26,
Akbar: The Great Mughal,Ira Mukhoty,not_found,none,,,,,,,,,,,0.000,no,,yes,2025-08-25,
Akhenaten: Dweller in Truth a Novel,Naguib Mahfouz,not_found,none,,,,,,,,,,,0.000,no,,yes,2024-12-24,
Alexander Dolgun's Story: An American in the Gulag,"Patrick Watson, Alexander Dolgun",not_found,none,,,,,,,,,,,0.000,no,,yes,2024-12-25,
All Our Relations: Finding the Path Forward,Tanya Talaga,not_found,none,,,,,,,,,,,0.000,no,,yes,2024-12-25,
All Our Worldly Goods,Irène Némirovsky,not_found,none,,,,,,,,,,,0.000,no,,yes,2024-12-24,
All Russians Love Birch Trees,Olga Grjasnowa,not_found,none,,,,,,,,,,,0.000,no,,yes,2026-03-09,
All Saints' Mountain,Olga Tokarczuk,not_found,none,,,,,,,,,,,0.000,no,,yes,2024-12-24,
All the Dirty Parts,Daniel Handler,not_found,none,,,,,,,,,,,0.000,no,,yes,2025-03-15,
America Before 1787: The Unraveling of a Colonial Regime,Jon Elster,not_found,none,,,,,,,,,,,0.000,no,,yes,2024-12-26,
América,T.C. Boyle,not_found,none,,,,,,,,,,,0.000,no,,,2025-11-11,
"An Address in Paris: Emplacement, Bureaucracy, and Belonging in Hostels for West African Migrants",Aïssatou Mbodj-Pouye,not_found,none,,,,,,,,,,,0.000,no,,,2024-12-26,
An Admirable Point: A Brief History of the Exclamation Mark!,Florence Hazrat,not_found,none,,,,,,,,,,,0.000,no,,yes,2024-12-26,
An Advertisement for Toothpaste,Ryszard Kapuściński,not_found,none,,,,,,,,,,,0.000,no,,yes,2024-12-24,
An Epidemic of Uncertainty: Navigating HIV and Young Adulthood in Malawi,Jenny Trinitapoli,not_found,none,,,,,,,,,,,0.000,no,,yes,2024-12-26,
Ancient Egypt: Anatomy of a Civilization,Barry J. Kemp,not_found,none,,,,,,,,,,,0.000,no,,yes,2024-12-26,
Angola is Wherever I Plant My Field,João Melo,not_found,none,,,,,,,,,,,0.000,no,,yes,2024-12-26,
Animal Money,Michael Cisco,not_found,none,,,,,,,,,,,0.000,no,,,2024-12-25,
Anne-Marie the Beauty,Yasmina Reza,not_found,none,,,,,,,,,,,0.000,no,,yes,2024-12-25,
"Another Fine Mess: America, Uganda, and the War on Terror",Helen C. Epstein,not_found,none,,,,,,,,,,,0.000,no,,yes,2024-12-26,
Antechrista,Amélie Nothomb,not_found,none,,,,,,,,,,,0.000,no,,yes,2025-03-31,
Anti-Semitism Revisited,Delphine Horvilleur,not_found,none,,,,,,,,,,,0.000,no,,yes,2024-12-25,
Ariel,Sylvia Plath,not_found,none,,,,,,,,,,,0.000,no,,yes,2025-03-03,
As Long As Trees Take Root in the Earth: and Other Poems,Alain Mabanckou,not_found,none,,,,,,,,,,,0.000,no,,yes,2025-06-05,
Assata: An Autobiography,Assata Shakur,not_found,none,,,,,,,,,,,0.000,no,,yes,2026-06-27,
At the Clinic,Sally Rooney,not_found,none,,,,,,,,,,,0.000,no,,yes,2025-09-27,
Atlas of Informal Settlement: Understanding Self-Organized Urban Design,"Kim Dovey, Tanzil Shafique, Matthijs van Oostrum, Ishita Chatterjee, Elek Pafka",not_found,none,,,,,,,,,,,0.000,no,,,2024-12-26,
Aunt Julia and the Scriptwriter,Mario Vargas Llosa,not_found,none,,,,,,,,,,,0.000,no,,yes,2025-11-03,
Austerity: The History of a Dangerous Idea,Mark Blyth,not_found,none,,,,,,,,,,,0.000,no,,yes,2024-12-26,
Bad Science,Ben Goldacre,not_found,none,,,,,,,,,,,0.000,no,,,2025-02-02,
Bait: Off-Color Stories for You to Color,Chuck Palahniuk,not_found,none,,,,,,,,,,,0.000,no,,yes,2025-09-10,
Ballad of the Blood / Balada De La Sangre: The Poems of Maria Elena Cruz Varela / Los Poemas De Maria Elena Cruz Varela,María Elena Cruz Varela,not_found,none,,,,,,,,,,,0.000,no,,yes,2024-12-26,
Banana: The Fate of the Fruit That Changed the World,Dan Koeppel,not_found,none,,,,,,,,,,,0.000,no,,,2024-12-26,
Bathing in Public in the Roman World,Garrett G. Fagan,not_found,none,,,,,,,,,,,0.000,no,,yes,2024-12-25,
Beautiful Star,Yukio Mishima,not_found,none,,,,,,,,,,,0.000,no,,yes,2024-12-26,
Bedbugs and Chamberpots: A History of Human Hygiene,Elizabeth Poynter,not_found,none,,,,,,,,,,,0.000,no,,yes,2026-03-02,
Beethoven Was One-Sixteenth Black: And Other Stories,Nadine Gordimer,not_found,none,,,,,,,,,,,0.000,no,,yes,2025-11-02,
Belladonna,Daša Drndić,not_found,none,,,,,,,,,,,0.000,no,,yes,2024-12-25,
Ben Ali's Tunisia: Power and Contention in an Authoritarian Regime,Anne Wolf,not_found,none,,,,,,,,,,,0.000,no,,yes,2024-12-26,
Bend Sinister,Vladimir Nabokov,not_found,none,,,,,,,,,,,0.000,no,,,2024-12-24,
Berlin Atomized: A Novel,Julia Kornberg,not_found,none,,,,,,,,,,,0.000,no,,yes,2025-04-25,
Bestiary: Or the Parade of Orpheus,Guillaume Apollinaire,not_found,none,,,,,,,,,,,0.000,no,,yes,2024-12-26,
Bettering Myself,Ottessa Moshfegh,not_found,none,,,,,,,,,,,0.000,no,,yes,2026-02-11,
Birthday Girl,Haruki Murakami,not_found,none,,,,,,,,,,,0.000,no,,yes,2024-12-24,
Black Bazaar,Alain Mabanckou,not_found,none,,,,,,,,,,,0.000,no,,yes,2025-06-05,
Black Flower,Young-Ha Kim,not_found,none,,,,,,,,,,,0.000,no,,yes,2025-03-01,
Black Foam,Haji Jabir,not_found,none,,,,,,,,,,,0.000,no,,,2024-12-26,
Black Moses,Alain Mabanckou,not_found,none,,,,,,,,,,,0.000,no,,yes,2025-06-05,
Blindness,José Saramago,not_found,none,,,,,,,,,,,0.000,no,,yes,2024-12-25,
Blue White Red,Alain Mabanckou,not_found,none,,,,,,,,,,,0.000,no,,yes,2025-06-05,
Bluebeard,Kurt Vonnegut,not_found,none,,,,,,,,,,,0.000,no,,yes,2025-07-07,
Bonds of Alliance: Indigenous and Atlantic Slaveries in New France,Brett Rushforth,not_found,none,,,,,,,,,,,0.000,no,,yes,2024-12-25,
Books & Islands in Ojibwe Country,Louise Erdrich,not_found,none,,,,,,,,,,,0.000,no,,yes,2025-09-25,
Books v. Cigarettes,George Orwell,not_found,none,,,,,,,,,,,0.000,no,,yes,2024-12-24,
"Boy, Snow, Bird",Helen Oyeyemi,not_found,none,,,,,,,,,,,0.000,no,,yes,2024-12-26,
"Boys at Sea: Sodomy, Indecency, and Courts Martial in Nelson's Navy",B.R. Burg,not_found,none,,,,,,,,,,,0.000,no,,yes,2026-09-16,
Breakfast at Tiffany's,Truman Capote,not_found,none,,,,,,,,,,,0.000,no,,,2024-12-25,
Breakfast of Champions,Kurt Vonnegut,not_found,none,,,,,,,,,,,0.000,no,,yes,2024-12-30,
Breakup: A Marriage in Wartime,Anjan Sundaram,not_found,none,,,,,,,,,,,0.000,no,,yes,2024-12-26,
Burnings,Ocean Vuong,not_found,none,,,,,,,,,,,0.000,no,,yes,2024-12-24,
Buying Gay: How Physique Entrepreneurs Sparked a Movement,David K. Johnson,not_found,none,,,,,,,,,,,0.000,no,,yes,2025-03-15,
C'était ça ou mourir,Thélyson Orélien,not_found,none,,,,,,,,,,,0.000,no,,yes,2026-09-24,
Cabbage and Caviar: A History of Food in Russia,Alison K. Smith,not_found,none,,,,,,,,,,,0.000,no,,,2024-12-25,
Cairo Modern,Naguib Mahfouz,not_found,none,,,,,,,,,,,0.000,no,,yes,2024-12-24,
"Caliban and the Witch: Women, the Body and Primitive Accumulation",Silvia Federici,not_found,none,,,,,,,,,,,0.000,no,,yes,2025-01-07,
Calligrammes: Poems of Peace and War (1913-1916),Guillaume Apollinaire,not_found,none,,,,,,,,,,,0.000,no,,yes,2024-12-26,
Campo Santo,W.G. Sebald,not_found,none,,,,,,,,,,,0.000,no,,,2024-12-24,
Can you hear us? - The untold narratives of Comfort women: oral narrations of Japanesemilitary comfort women,In-hwan Park,not_found,none,,,,,,,,,,,0.000,no,,yes,2026-05-13,
Cannonball,Joseph McElroy,not_found,none,,,,,,,,,,,0.000,no,,yes,2024-12-25,
Capital in the Twenty-First Century,Thomas Piketty,not_found,none,,,,,,,,,,,0.000,no,,yes,2025-01-04,
Casanova's Lottery: The History of a Revolutionary Game of Chance,Stephen M. Stigler,not_found,none,,,,,,,,,,,0.000,no,,yes,2024-12-26,
Catherine the Great and the Small,Olja Knežević,not_found,none,,,,,,,,,,,0.000,no,,yes,2024-12-26,
Chandelier: An Original Story,Mieko Kawakami,not_found,none,,,,,,,,,,,0.000,no,,yes,2025-03-09,
Chickadee,Louise Erdrich,not_found,none,,,,,,,,,,,0.000,no,,,2025-09-25,
China: A History,John Keay,not_found,none,,,,,,,,,,,0.000,no,,yes,2025-01-27,
Chinatown,Thuận,not_found,none,,,,,,,,,,,0.000,no,,,2024-12-26,
Chronicle in Stone,Ismail Kadare,not_found,none,,,,,,,,,,,0.000,no,,yes,2025-03-31,
Cities of Salt,Abdul Rahman Munif,not_found,none,,,,,,,,,,,0.000,no,,yes,2024-12-26,
Cleaned Out,Annie Ernaux,not_found,none,,,,,,,,,,,0.000,no,,yes,2024-12-24,
"Cloud, Castle, Lake",Vladimir Nabokov,not_found,none,,,,,,,,,,,0.000,no,,yes,2026-01-08,
Clown Girl,Monica Drake,not_found,none,,,,,,,,,,,0.000,no,,yes,2025-09-10,
Cluster,Souvankham Thammavongsa,not_found,none,,,,,,,,,,,0.000,no,,yes,2026-07-24,
Coin Locker Babies,Ryu Murakami,not_found,none,,,,,,,,,,,0.000,no,,yes,2024-12-24,
Cold Nights of Childhood,Tezer Özlü,not_found,none,,,,,,,,,,,0.000,no,,yes,2024-12-26,
Color and Light,Sally Rooney,not_found,none,,,,,,,,,,,0.000,no,,yes,2025-03-11,
Come Rain or Come Shine,Kazuo Ishiguro,not_found,none,,,,,,,,,,,0.000,no,,yes,2024-12-24,
Complete Freedom,Tove Ditlevsen,not_found,none,,,,,,,,,,,0.000,no,,yes,2025-11-24,
Conditions of Love: The Philosophy of Intimacy,John Armstrong,not_found,none,,,,,,,,,,,0.000,no,,yes,2024-12-26,
Confessions of a Mask,Yukio Mishima,not_found,none,,,,,,,,,,,0.000,no,,,2024-12-26,
Conversations After a Burial,Yasmina Reza,not_found,none,,,,,,,,,,,0.000,no,,yes,2024-12-25,
Creole,José Eduardo Agualusa,not_found,none,,,,,,,,,,,0.000,no,,yes,2026-06-20,
Crimes of Conscience: Selected Short Stories,Nadine Gordimer,not_found,none,,,,,,,,,,,0.000,no,,yes,2025-11-02,
Cristina and Her Double,Herta Müller,not_found,none,,,,,,,,,,,0.000,no,,,2025-01-06,
Crossing the Water,Sylvia Plath,not_found,none,,,,,,,,,,,0.000,no,,yes,2025-03-03,
Dark Satellites,Clemens Meyer,not_found,none,,,,,,,,,,,0.000,no,,yes,2024-12-25,
"Days of Destruction, Days of Revolt","Chris Hedges, Joe Sacco",not_found,none,,,,,,,,,,,0.000,no,,,2024-12-25,
Deadeye Dick,Kurt Vonnegut,not_found,none,,,,,,,,,,,0.000,no,,yes,2025-07-07,
Death in Midsummer: And Other Stories,Yukio Mishima,not_found,none,,,,,,,,,,,0.000,no,,yes,2024-12-26,
Decline of the English Murder,George Orwell,not_found,none,,,,,,,,,,,0.000,no,,yes,2024-12-29,
Denn Liebe ist stärker als Hass,"Shlomo Graber, Adrian Suter",not_found,none,,,,,,,,,,,0.000,no,,,2025-02-24,
Despair,Vladimir Nabokov,not_found,none,,,,,,,,,,,0.000,no,,yes,2024-12-24,
"Development with Dignity: Self-determination, Localization, and the End to Poverty","Tom G. Palmer, Matt Warner",not_found,none,,,,,,,,,,,0.000,no,,,2024-12-25,
Diary of a Bad Year,J.M. Coetzee,not_found,none,,,,,,,,,,,0.000,no,,yes,2025-07-21,
"Die, My Love",Ariana Harwicz,not_found,none,,,,,,,,,,,0.000,no,,,2025-09-29,
Dimanche and Other Stories,Irène Némirovsky,not_found,none,,,,,,,,,,,0.000,no,,yes,2024-12-24,
Discovering Fiction,Yan Lianke,not_found,none,,,,,,,,,,,0.000,no,,yes,2025-06-02,
Disenchanted Night: The Industrialization of Light in the Nineteenth Century,Wolfgang Schivelbusch,not_found,none,,,,,,,,,,,0.000,no,,yes,2024-12-26,
Djinns,Fatma Aydemir,not_found,none,,,,,,,,,,,0.000,no,,yes,2025-11-10,
Do I Know You?: From Face Blindness to Super Recognition,Sharrona Pearl,not_found,none,,,,,,,,,,,0.000,no,,yes,2024-12-26,
Do What They Say or Else,Annie Ernaux,not_found,none,,,,,,,,,,,0.000,no,,yes,2024-12-24,
Don't Ever Wipe Tears Without Gloves,Jonas Gardell,not_found,none,,,,,,,,,,,0.000,no,,yes,2024-12-26,
Dormitory,Yōko Ogawa,not_found,none,,,,,,,,,,,0.000,no,,,2024-12-24,
Dream of Ding Village,Yan Lianke,not_found,none,,,,,,,,,,,0.000,no,,,2025-06-02,
Dreams of Departure: The Last Dreams Published in the Nobel Laureateas Lifetime,Naguib Mahfouz,not_found,none,,,,,,,,,,,0.000,no,,,2025-03-04,
Dry Guillotine: Fifteen Years Among The Living Dead,René Belbenoit,not_found,none,,,,,,,,,,,0.000,no,,yes,2024-12-25,
Ducks: Two Years in the Oil Sands,Kate Beaton,not_found,none,,,,,,,,,,,0.000,no,,,2024-12-26,
Economists at War: How a Handful of Economists Helped Win and Lose the World Wars,Alan Bollard,not_found,none,,,,,,,,,,,0.000,no,,yes,2024-12-25,
El Senor Presidente,Miguel Ángel Asturias,not_found,none,,,,,,,,,,,0.000,no,,yes,2024-12-25,
"Emergency Money: Notgeld in the Image Economy of the German Inflation, 1914–1923",Tom Wilkinson,not_found,none,,,,,,,,,,,0.000,no,,yes,2024-12-25,
"Endangered Youth: Taiwan, Hong Kong, and Ukraine",C.J. Anderson-Wu,not_found,none,,,,,,,,,,,0.000,no,,yes,2025-05-30,
Endgame,Samuel Beckett,not_found,none,,,,,,,,,,,0.000,no,,yes,2025-03-25,
Enemies: A Love Story,Isaac Bashevis Singer,not_found,none,,,,,,,,,,,0.000,no,,yes,2024-12-26,
"Epidemics and History: Disease, Power and Imperialism",Sheldon Watts,not_found,none,,,,,,,,,,,0.000,no,,yes,2024-12-26,
Epitaph of a Small Winner,Machado de Assis,not_found,none,,,,,,,,,,,0.000,no,,,2024-12-26,
"Ernest Mansfield, 1862-1924: ""gold--or I'm a Dutchman""","David Newman, Susan Barr, Greg Nesteroff, David Newman (Computer programmer)",not_found,none,,,,,,,,,,,0.000,no,,yes,2024-12-26,
Espèces d'espaces,Georges Perec,not_found,none,,,,,,,,,,,0.000,no,,yes,2024-12-26,
Europe: A History,Norman Davies,not_found,none,,,,,,,,,,,0.000,no,,yes,2024-12-25,
Eve Out of Her Ruins,Ananda Devi,not_found,none,,,,,,,,,,,0.000,no,,yes,2024-12-26,
"Everyday Sectarianism in Urban Lebanon: Infrastructures, Public Services, and Power",Joanne Randa Nucho,not_found,none,,,,,,,,,,,0.000,no,,yes,2024-12-25,
Everything Was Beautiful and Nothing Hurt,Ben Reeves,not_found,none,,,,,,,,,,,0.000,no,,,2026-09-18,
Explaining Successes in Africa: Things Don't Always Fall Apart,Erin Accampo Hern,not_found,none,,,,,,,,,,,0.000,no,,yes,2024-12-26,
Fifty Sounds,Polly Barton,not_found,none,,,,,,,,,,,0.000,no,,,2026-08-30,
Fighting Proud: The Untold Story of the Gay Men Who Served in Two World Wars,Stephen Bourne,not_found,none,,,,,,,,,,,0.000,no,,,2024-12-26,
Foe,J.M. Coetzee,not_found,none,,,,,,,,,,,0.000,no,,yes,2025-07-21,
Footnotes in Gaza,Joe Sacco,not_found,none,,,,,,,,,,,0.000,no,,yes,2024-12-25,
For Bread Alone,Mohamed Choukri,not_found,none,,,,,,,,,,,0.000,no,,yes,2025-04-06,
"For Glory and Bolivar: The Remarkable Life of Manuela Saenz, 1797-1856",Pamela S. Murray,not_found,none,,,,,,,,,,,0.000,no,,,2024-12-25,
Four Souls,Louise Erdrich,not_found,none,,,,,,,,,,,0.000,no,,yes,2025-09-25,
Futu.re,Dmitry Glukhovsky,not_found,none,,,,,,,,,,,0.000,no,,yes,2025-08-30,
Garden of Truth: The Prostitution and Trafficking of Native Women in Minnesota,"Sarah Deer, Melissa Farley, Guadalupe Lopez, Nicole Matthews, Eileen Hudon, Christine Stark",not_found,none,,,,,,,,,,,0.000,no,,yes,2024-12-26,
Get a Life,Nadine Gordimer,not_found,none,,,,,,,,,,,0.000,no,,yes,2024-12-25,
Ghosts of Empire: Britain's Legacies in the Modern World,Kwasi Kwarteng,not_found,none,,,,,,,,,,,0.000,no,,yes,2024-12-25,
Gimpel the Fool and Other Stories,Isaac Bashevis Singer,not_found,none,,,,,,,,,,,0.000,no,,yes,2024-12-26,
Glory,Vladimir Nabokov,not_found,none,,,,,,,,,,,0.000,no,,yes,2024-12-24,
Governing the EU in an Age of Division,Dalibor Rohac,not_found,none,,,,,,,,,,,0.000,no,,,2024-12-26,
"Greek Fire, Poison Arrows, and Scorpion Bombs: Unconventional Warfare in the Ancient World",Adrienne Mayor,not_found,none,,,,,,,,,,,0.000,no,,,2025-01-27,
Götz and Meyer,David Albahari,not_found,none,,,,,,,,,,,0.000,no,,yes,2024-12-26,
"Happiness, as Such",Natalia Ginzburg,not_found,none,,,,,,,,,,,0.000,no,,yes,2025-08-25,
Happy are the Happy,Yasmina Reza,not_found,none,,,,,,,,,,,0.000,no,,yes,2024-12-25,
"Harald, Claudia, and Their Son Duncan",Nadine Gordimer,not_found,none,,,,,,,,,,,0.000,no,,yes,2025-11-02,
Hard Like Water,Yan Lianke,not_found,none,,,,,,,,,,,0.000,no,,yes,2025-06-02,
Heart of the Night,"Aida Bamia, Naguib Mahfouz",not_found,none,,,,,,,,,,,0.000,no,,yes,2025-03-04,
Heart Sutra,Yan Lianke,not_found,none,,,,,,,,,,,0.000,no,,,2025-06-02,
Hello Sailor!: The Hidden History of Gay Life at Sea,"Paul Baker, Jo Stanley",not_found,none,,,,,,,,,,,0.000,no,,yes,2026-09-16,
His Brother,Philippe Besson,not_found,none,,,,,,,,,,,0.000,no,,yes,2026-03-17,
History of Rome,Michael Grant,not_found,none,,,,,,,,,,,0.000,no,,,2024-12-25,
Hitler's Jewish Refugees: Hope and Anxiety in Portugal,Marion A. Kaplan,not_found,none,,,,,,,,,,,0.000,no,,,2024-12-25,
Hitler's South African Spies: Secret Agents and the Intelligence War in South Africa,Evert Kleynhans,not_found,none,,,,,,,,,,,0.000,no,,,2024-12-25,
Hocus Pocus,Kurt Vonnegut,not_found,none,,,,,,,,,,,0.000,no,,yes,2025-07-07,
Holy Kural - Thirukkural in Tamil with English Translations,"Jothi Tharavant, Tiruvaḷḷuvar Tiruvaḷḷuvar, Herbert A. Popley, Parimelazagar, Costantino Giuseppe Beschi, Mu. Varatharasan, George Uglow Pope, P.S. Sundaram, Tiruvalluvar, திருவள்ளுவர், Arun Kumar",not_found,none,,,,,,,,,,,0.000,no,,yes,2024-12-25,
Holy Shit: A Brief History of Swearing,Melissa Mohr,not_found,none,,,,,,,,,,,0.000,no,,,2024-12-25,
Houris,Kamel Daoud,not_found,none,,,,,,,,,,,0.000,no,,yes,2024-12-24,
How I Became a Nun,César Aira,not_found,none,,,,,,,,,,,0.000,no,,,2024-12-26,
How to Loiter in a Turf War: An Autobiographical Novel,Jessica Hansell (Coco Solid),not_found,none,,,,,,,,,,,0.000,no,,yes,2024-12-26,
Hygiene and the Assassin,Amélie Nothomb,not_found,none,,,,,,,,,,,0.000,no,,yes,2025-03-31,
Hérétiques,"Elena Zayas, Leonardo Padura",not_found,none,,,,,,,,,,,0.000,no,,yes,2024-12-25,
I Am a Camera,"John Van Druten, Christopher Isherwood",not_found,none,,,,,,,,,,,0.000,no,,yes,2025-04-10,
I Found Myself: Last Dreams,Naguib Mahfouz,not_found,none,,,,,,,,,,,0.000,no,,,2025-03-04,
I Have the Right to Destroy Myself,Young-Ha Kim,not_found,none,,,,,,,,,,,0.000,no,,yes,2025-03-01,
I Hear Your Voice,Young-Ha Kim,not_found,none,,,,,,,,,,,0.000,no,,yes,2025-03-01,
I Wrote Stone: The Selected Poetry of Ryszard Kapuscinski,Ryszard Kapuściński,not_found,none,,,,,,,,,,,0.000,no,,yes,2025-08-13,
"Imaginary Languages: Myths, Utopias, Fantasies, Illusions, and Linguistic Fictions",Marina Yaguello,not_found,none,,,,,,,,,,,0.000,no,,,2024-12-26,
In Defence of English Cooking,George Orwell,not_found,none,,,,,,,,,,,0.000,no,,yes,2024-12-29,
In Eve's Attire,Delphine Horvilleur,not_found,none,,,,,,,,,,,0.000,no,,yes,2024-12-25,
In Memory of Memory,Maria Stepanova,not_found,none,,,,,,,,,,,0.000,no,,yes,2024-12-25,
In My Father's Court,Isaac Bashevis Singer,not_found,none,,,,,,,,,,,0.000,no,,,2024-12-26,
In Search of the Free Individual: The History of the Russian-Soviet Soul,Svetlana Alexiévich,not_found,none,,,,,,,,,,,0.000,no,,yes,2024-12-24,
In the Absence of Men,Philippe Besson,not_found,none,,,,,,,,,,,0.000,no,,yes,2026-03-17,
In the Footsteps of Mr. Kurtz: Living on the Brink of Disaster in Mobutu's Congo,Michela Wrong,not_found,none,,,,,,,,,,,0.000,no,,,2024-12-25,
In the Heart of the Country,J.M. Coetzee,not_found,none,,,,,,,,,,,0.000,no,,,2025-07-21,
In the Time of the Butterflies,Julia Alvarez,not_found,none,,,,,,,,,,,0.000,no,,yes,2025-09-10,
In the Town of Berdichev,Vasily Grossman,not_found,none,,,,,,,,,,,0.000,no,,yes,2024-12-26,
"In the Wake of Disaster: Islamists, the State and a Social Contract in Pakistan",Ayesha Siddiqi,not_found,none,,,,,,,,,,,0.000,no,,yes,2024-12-26,
Industrial Society and Its Future,Theodore John Kaczynski,not_found,none,,,,,,,,,,,0.000,no,,yes,2025-03-03,
Invitation to a Beheading,Vladimir Nabokov,not_found,none,,,,,,,,,,,0.000,no,,,2024-12-24,
"Islam, Authoritarianism, and Underdevelopment: A Global and Historical Comparison",Ahmet T. Kuru,not_found,none,,,,,,,,,,,0.000,no,,yes,2024-12-25,
Israel/Palestine and the Queer International,Sarah Schulman,not_found,none,,,,,,,,,,,0.000,no,,yes,2024-12-26,
Italy Reborn: From Fascism to Democracy,Mark Gilbert,not_found,none,,,,,,,,,,,0.000,no,,yes,2025-09-15,
Jacklight,Louise Erdrich,not_found,none,,,,,,,,,,,0.000,no,,yes,2025-09-25,
Jailbird,Kurt Vonnegut,not_found,none,,,,,,,,,,,0.000,no,,,2025-07-07,
Jews and Words,Amos Oz,not_found,none,,,,,,,,,,,0.000,no,,yes,2024-12-25,
Jezebel,Irène Némirovsky,not_found,none,,,,,,,,,,,0.000,no,,yes,2024-12-24,
Journey Into the Whirlwind,Eugenia Ginzburg,not_found,none,,,,,,,,,,,0.000,no,,,2024-12-25,
Jump and Other Stories,Nadine Gordimer,not_found,none,,,,,,,,,,,0.000,no,,yes,2024-12-25,
Jōna,Nora Ikstena,not_found,none,,,,,,,,,,,0.000,no,,yes,2025-05-30,
Kaveena,Boubacar Boris Diop,not_found,none,,,,,,,,,,,0.000,no,,yes,2024-12-26,
Kenya: A History Since Independence,Charles Hornsby,not_found,none,,,,,,,,,,,0.000,no,,yes,2024-12-26,
Khufu's Wisdom,Naguib Mahfouz,not_found,none,,,,,,,,,,,0.000,no,,yes,2025-03-04,
Kids on the Street: Queer Kinship and Religion in San Francisco's Tenderloin,Joseph Plaster,not_found,none,,,,,,,,,,,0.000,no,,yes,2024-12-25,
Killing Stella,Marlen Haushofer,not_found,none,,,,,,,,,,,0.000,no,,yes,2026-01-12,
"King, Queen, Knave",Vladimir Nabokov,not_found,none,,,,,,,,,,,0.000,no,,,2024-12-24,
"Kristin Lavransdatter, II: The Wife",Sigrid Undset,not_found,none,,,,,,,,,,,0.000,no,,yes,2024-12-26,
"Kristin Lavransdatter, III: The Cross",Sigrid Undset,not_found,none,,,,,,,,,,,0.000,no,,yes,2024-12-26,
L'enfant noir,Camara Laye,not_found,none,,,,,,,,,,,0.000,no,,yes,2024-12-25,
L'Homme qui aimait les chiens,"Elena Zayas, Leonardo Padura, René Solis",not_found,none,,,,,,,,,,,0.000,no,,yes,2024-12-25,
L'Évangile selon Yong Sheng,Dai Sijie,not_found,none,,,,,,,,,,,0.000,no,,yes,2025-07-24,
La Bastarda,Trifonia Melibea Obono,not_found,none,,,,,,,,,,,0.000,no,,yes,2024-12-25,
La Cliente,Pierre Assouline,not_found,none,,,,,,,,,,,0.000,no,,yes,2024-12-26,
La filière marseillaise: un chemin vers la Liberté sous l'occupation,Daniel Bénédite,not_found,none,,,,,,,,,,,0.000,no,,yes,2024-12-25,
La maison atlantique,Philippe Besson,not_found,none,,,,,,,,,,,0.000,no,,yes,2026-03-17,
La Peste | The Plague,Albert Camus,not_found,none,,,,,,,,,,,0.000,no,,,2024-12-26,
La vie joue avec moi,David Grossman,not_found,none,,,,,,,,,,,0.000,no,,yes,2024-12-25,
Lance,Vladimir Nabokov,not_found,none,,,,,,,,,,,0.000,no,,yes,2026-01-08,
"Land Between the Rivers: A 5,000-Year History of Iraq",Bartle Bull,not_found,none,,,,,,,,,,,0.000,no,,,2024-12-26,
"Land, the State, and War: Property Institutions and Political Order in Afghanistan","Ilia Murtazashvili, Jennifer Brick Murtazashvili",not_found,none,,,,,,,,,,,0.000,no,,yes,2024-12-25,
Laughter in the Dark,Vladimir Nabokov,not_found,none,,,,,,,,,,,0.000,no,,yes,2026-01-08,
Le journal d'un manoeuvre,Thierry Metz (poète).),not_found,none,,,,,,,,,,,0.000,no,,yes,2024-12-26,
Le monstre de la mémoire,Yishai Sarid,not_found,none,,,,,,,,,,,0.000,no,,,2024-12-25,
Lenin's Kisses,Yan Lianke,not_found,none,,,,,,,,,,,0.000,no,,yes,2025-06-02,
Les caves du Potala,Dai Sijie,not_found,none,,,,,,,,,,,0.000,no,,yes,2025-07-24,
Les Cosmonautes ne font que passer,Elitza Gueorguieva,not_found,none,,,,,,,,,,,0.000,no,,yes,2024-12-26,
Les Onze Mille Verges : The Amorous Adventures of Prince Mony Vibescu,"Guillaume Apollinaire, Nina Rootes",not_found,none,,,,,,,,,,,0.000,no,,yes,2024-12-26,
Les passeurs de livres de Daraya,Delphine Minoui,not_found,none,,,,,,,,,,,0.000,no,,yes,2024-12-25,
Letter to Jimmy,Alain Mabanckou,not_found,none,,,,,,,,,,,0.000,no,,yes,2025-06-05,
Life and Fate,Vasily Grossman,not_found,none,,,,,,,,,,,0.000,no,,yes,2024-12-26,
Life Stories,Nora Ikstena,not_found,none,,,,,,,,,,,0.000,no,,yes,2025-05-30,
"Life Times: Stories, 1952-2007",Nadine Gordimer,not_found,none,,,,,,,,,,,0.000,no,,yes,2025-11-02,
Light,Souvankham Thammavongsa,not_found,none,,,,,,,,,,,0.000,no,,yes,2026-07-24,
Litva: The Rise and Fall of the Grand Duchy of Lithuania: A Selection from Vanished Kingdoms,Norman Davies,not_found,none,,,,,,,,,,,0.000,no,,yes,2024-12-25,
Lives Amid Violence: Transforming Development in the Wake of Conflict,Mareike Schomerus,not_found,none,,,,,,,,,,,0.000,no,,yes,2024-12-25,
Logicomix: An Epic Search for Truth,"Christos Papadimitriou, Apostolos Doxiadis",not_found,none,,,,,,,,,,,0.000,no,,yes,2024-12-26,
Look at the Harlequins!,Vladimir Nabokov,not_found,none,,,,,,,,,,,0.000,no,,yes,2026-01-08,
Loot and Other Stories,Nadine Gordimer,not_found,none,,,,,,,,,,,0.000,no,,yes,2025-11-02,
Love,Toni Morrison,not_found,none,,,,,,,,,,,0.000,no,,yes,2024-12-26,
Love Medicine,Louise Erdrich,not_found,none,,,,,,,,,,,0.000,no,,yes,2025-09-25,
Making an African City: Technopolitics and the Infrastructure of Everyday Life in Colonial Accra,Jennifer Hart,not_found,none,,,,,,,,,,,0.000,no,,yes,2024-12-26,
Makoons,Louise Erdrich,not_found,none,,,,,,,,,,,0.000,no,,,2025-09-25,
"Marriage, Sex and Death: The Family and the Fall of the Roman West",Emma Southon,not_found,none,,,,,,,,,,,0.000,no,,yes,2026-08-11,
Marrow,Yan Lianke,not_found,none,,,,,,,,,,,0.000,no,,,2025-06-02,
Master of Souls,Irène Némirovsky,not_found,none,,,,,,,,,,,0.000,no,,yes,2024-12-24,
Matryona's House and Other Stories,Aleksandr Solzhenitsyn,not_found,none,,,,,,,,,,,0.000,no,,yes,2025-01-11,
Mauve: How One Man Invented a Color That Changed the World,Simon Garfield,not_found,none,,,,,,,,,,,0.000,no,,yes,2025-03-27,
May the Lord in His Mercy Be Kind to Belfast,Tony Parker,not_found,none,,,,,,,,,,,0.000,no,,yes,2026-06-28,
Measuring Time,Helon Habila,not_found,none,,,,,,,,,,,0.000,no,,yes,2025-08-13,
Medieval Children,Nicholas Orme,not_found,none,,,,,,,,,,,0.000,no,,yes,2024-12-25,
Memoirs of a Porcupine,Alain Mabanckou,not_found,none,,,,,,,,,,,0.000,no,,yes,2025-02-23,
Men in the Sun and Other Palestinian Stories,Ghassan Kanafani,not_found,none,,,,,,,,,,,0.000,no,,yes,2024-12-26,
Midaq Alley,Naguib Mahfouz,not_found,none,,,,,,,,,,,0.000,no,,,2024-12-24,
Mild Vertigo,Mieko Kanai,not_found,none,,,,,,,,,,,0.000,no,,yes,2024-12-26,
Mina,Kim Sagwa,not_found,none,,,,,,,,,,,0.000,no,,yes,2024-12-25,
Miramar,Naguib Mahfouz,not_found,none,,,,,,,,,,,0.000,no,,yes,2024-12-24,
Mixed Signals: How Incentives Really Work,Uri Gneezy,not_found,none,,,,,,,,,,,0.000,no,,yes,2025-07-18,
Mohamed Ibrahim Warsame 'hadrawi',,not_found,none,,,,,,,,,,,0.000,no,,yes,2024-12-26,
Moonstone: The Boy Who Never Was,Sjón,not_found,none,,,,,,,,,,,0.000,no,,yes,2024-12-26,
Moscow and St. Petersburg in Russia's Silver Age: 1900-1920,John E. Bowlt,not_found,none,,,,,,,,,,,0.000,no,,yes,2024-12-26,
Mr. Distinctive,Olga Tokarczuk,not_found,none,,,,,,,,,,,0.000,no,,,2024-12-24,
Mr. Muo's Travelling Couch,"Ina Rilke, Dai Sijie",not_found,none,,,,,,,,,,,0.000,no,,,2025-07-24,
Mrs Palfrey at the Claremont,Elizabeth Taylor,not_found,none,,,,,,,,,,,0.000,no,,,2025-11-10,
Ms Ice Sandwich,Mieko Kawakami,not_found,none,,,,,,,,,,,0.000,no,,yes,2025-03-09,
Mtama Road,Linda Musita,not_found,none,,,,,,,,,,,0.000,no,,yes,2024-12-26,
Multiple Choice,Alejandro Zambra,not_found,none,,,,,,,,,,,0.000,no,,yes,2025-03-11,
My Dreadful Body,Egana Djabbarova,not_found,none,,,,,,,,,,,0.000,no,,yes,2026-09-25,
My Father's Wives,José Eduardo Agualusa,not_found,none,,,,,,,,,,,0.000,no,,yes,2026-06-20,
"My Struggle, Book 5: Some Rain Must Fall",Karl Ove Knausgård,not_found,none,,,,,,,,,,,0.000,no,,,2024-12-26,
My Struggle: Book 6,Karl Ove Knausgård,not_found,none,,,,,,,,,,,0.000,no,,yes,2024-12-26,
My Sweet Orange Tree,José Mauro de Vasconcelos,not_found,none,,,,,,,,,,,0.000,no,,yes,2025-11-17,
My Work,Olga Ravn,not_found,none,,,,,,,,,,,0.000,no,,,2025-01-17,
Nabokov's Dozen: Thirteen Stories,Vladimir Nabokov,not_found,none,,,,,,,,,,,0.000,no,,yes,2026-01-08,
Nadirs,Herta Müller,not_found,none,,,,,,,,,,,0.000,no,,yes,2025-01-06,
Nationalism in Central Asia: A Biography of the Uzbekistan-Kyrgyzstan Boundary,Nick Megoran,not_found,none,,,,,,,,,,,0.000,no,,yes,2024-12-26,
Natural History: A Selection,"John F. Healey, Pliny the Elder",not_found,none,,,,,,,,,,,0.000,no,,yes,2024-12-25,
Naufrage,Vincent Delecroix,not_found,none,,,,,,,,,,,0.000,no,,yes,2025-03-29,
Nickel and Dimed: On (Not) Getting by in America,Barbara Ehrenreich,not_found,none,,,,,,,,,,,0.000,no,,yes,2024-12-26,
No,Ocean Vuong,not_found,none,,,,,,,,,,,0.000,no,,,2024-12-24,
No Edges: Swahili Stories,"Lusajo Mwaikenda Israel, Mwas Mahugu, Clara Momanyi, Katama G.C. Mkangi, Euphrase Kezilahabi, Fatma Shafii, Lilian Mbaga, Fadhy Mtanga",not_found,none,,,,,,,,,,,0.000,no,,yes,2024-12-26,
None to Accompany Me,Nadine Gordimer,not_found,none,,,,,,,,,,,0.000,no,,yes,2024-12-25,
Not Here,Hieu Minh Nguyen,not_found,none,,,,,,,,,,,0.000,no,,yes,2025-01-19,
Not to Read,Alejandro Zambra,not_found,none,,,,,,,,,,,0.000,no,,yes,2025-03-11,
Notes of a Crocodile,Qiu Miaojin,not_found,none,,,,,,,,,,,0.000,no,,yes,2025-05-28,
Nothing Ever Dies: Vietnam and the Memory of War,Viet Thanh Nguyen,not_found,none,,,,,,,,,,,0.000,no,,yes,2024-12-25,
Notre-Dame du Nil,Scholastique Mukasonga,not_found,none,,,,,,,,,,,0.000,no,,,2024-12-25,
Nowhere People,Paulo Scott,not_found,none,,,,,,,,,,,0.000,no,,yes,2024-12-26,
Odyssée des filles de l'Est,Elitza Gueorguieva,not_found,none,,,,,,,,,,,0.000,no,,,2024-12-26,
Of Cattle and Men,Ana Paula Maia,not_found,none,,,,,,,,,,,0.000,no,,,2026-04-13,
On the Fireline: Living and Dying with Wildland Firefighters,Matthew Desmond,not_found,none,,,,,,,,,,,0.000,no,,yes,2025-08-25,
On the Heights of Despair,E.M. Cioran,not_found,none,,,,,,,,,,,0.000,no,,yes,2024-12-26,
On the Map: A Mind-Expanding Exploration of the Way the World Looks,Simon Garfield,not_found,none,,,,,,,,,,,0.000,no,,yes,2025-03-27,
Once on a Moonless Night,"Dai Sijie, Adriana Hunter",not_found,none,,,,,,,,,,,0.000,no,,,2025-07-24,
Opening Theory,Sally Rooney,not_found,none,,,,,,,,,,,0.000,no,,yes,2025-09-27,
Orientalism,Edward W. Said,not_found,none,,,,,,,,,,,0.000,no,,,2024-12-25,
"Oromay: War, betrayal and espionage in 1980s Ethiopia: a classic of African literature that sealed its author's fate",Baalu Girma,not_found,none,,,,,,,,,,,0.000,no,,,2025-02-07,
"Our Fermented Lives: Fermentation and the History of How We Eat, Heal, and Build Community",Julia Skinner,not_found,none,,,,,,,,,,,0.000,no,,yes,2024-12-26,
Our Long Walk to Economic Freedom: Lessons from 100 000 years of human history,Johan Fourie,not_found,none,,,,,,,,,,,0.000,no,,yes,2024-12-26,
Our People: Discovering Lithuania's Hidden Holocaust,"Efraim Zuroff, Vanagaite R&#363ta",not_found,none,,,,,,,,,,,0.000,no,,yes,2024-12-25,
Our Women on the Ground: Essays by Arab Women Reporting from the Arab World,Zahra Hankir,not_found,none,,,,,,,,,,,0.000,no,,yes,2024-12-26,
Out,Natsuo Kirino,not_found,none,,,,,,,,,,,0.000,no,,yes,2026-07-17,
Out of Sri Lanka,"Seni Seneviratne, Shash Trevett, Vidyan Ravinthiran",not_found,none,,,,,,,,,,,0.000,no,,yes,2024-12-26,
Pale Fire,Vladimir Nabokov,not_found,none,,,,,,,,,,,0.000,no,,yes,2024-12-26,
Palestine 1936: The Great Revolt and the Roots of the Middle East Conflict,Oren Kessler,not_found,none,,,,,,,,,,,0.000,no,,yes,2024-12-24,
Palestine's Children: Returning to Haifa and Other Stories,Ghassan Kanafani,not_found,none,,,,,,,,,,,0.000,no,,yes,2024-12-26,
Pan Tadeusz,"Kenneth R. MacKenzie, Adam Mickiewicz",not_found,none,,,,,,,,,,,0.000,no,,,2024-12-26,
"Paper Walls: America and the Refugee Crisis, 1938-1941",David S. Wyman,not_found,none,,,,,,,,,,,0.000,no,,yes,2024-12-25,
Paradise and Other Hells,José Eduardo Agualusa,not_found,none,,,,,,,,,,,0.000,no,,,2026-06-20,
Parasites: The Inside Story,"Scott Lyell Gardner, Judy Diamond, Gabor R. Rácz",not_found,none,,,,,,,,,,,0.000,no,,yes,2024-12-26,
Parks and Recreation and Economics,Jadrian Wooten,not_found,none,,,,,,,,,,,0.000,no,,yes,2024-12-26,
Pathways to prosperity: Escaping poverty and building lasting wealth,Matthew Desmond,not_found,none,,,,,,,,,,,0.000,no,,yes,2025-08-25,
Paying the Land,Joe Sacco,not_found,none,,,,,,,,,,,0.000,no,,yes,2024-12-25,
Petits oiseaux,Yōko Ogawa,not_found,none,,,,,,,,,,,0.000,no,,yes,2025-01-27,
Photo Shop Murder,Young-Ha Kim,not_found,none,,,,,,,,,,,0.000,no,,yes,2025-03-01,
Pioneers of Capitalism: The Netherlands 1000–1800,"Jan Luiten van Zanden, Maarten Prak",not_found,none,,,,,,,,,,,0.000,no,,yes,2024-12-26,
"Pirates of the South China Coast, 1790-1810",Dian H. Murray,not_found,none,,,,,,,,,,,0.000,no,,yes,2024-12-25,
Poemes a Lou,Guillaume Apollinaire,not_found,none,,,,,,,,,,,0.000,no,,yes,2024-12-26,
Poems and Problems,Vladimir Nabokov,not_found,none,,,,,,,,,,,0.000,no,,yes,2026-01-08,
Politics in the Crevices: Urban Design and the Making of Property Markets in Cairo and Istanbul,Sarah El-Kazaz,not_found,none,,,,,,,,,,,0.000,no,,,2024-12-25,
Poor Numbers: How We Are Misled by African Development Statistics and What to Do about It,Morten Jerven,not_found,none,,,,,,,,,,,0.000,no,,yes,2024-12-25,
Portfolios of the Poor: How the World's Poor Live on $2 a Day,"Stuart Rutherford, Jonathan Morduch, Orlanda Ruthven, Daryl Collins",not_found,none,,,,,,,,,,,0.000,no,,yes,2024-12-26,
Portrait of an Island on Fire,Ariel Saramandi,not_found,none,,,,,,,,,,,0.000,no,,,2025-06-05,
Postcolonial Fiction and Colonial Time: Waiting for Now,Amanda Lagji,not_found,none,,,,,,,,,,,0.000,no,,yes,2024-12-26,
Potential History: Unlearning Imperialism,Ariella Aïsha Azoulay,not_found,none,,,,,,,,,,,0.000,no,,yes,2024-12-26,
Primeval and Other Times,Olga Tokarczuk,not_found,none,,,,,,,,,,,0.000,no,,yes,2024-12-24,
Project Hail Mary,Andy Weir,not_found,none,,,,,,,,,,,0.000,no,,yes,2025-09-10,
"Puta Life: Seeing Latinas, Working Sex",Juana María Rodríguez,not_found,none,,,,,,,,,,,0.000,no,,,2024-12-26,
"Queering the Text: Biblical, Medieval, and Modern Jewish Stories","Jay Michaelson, Andrew Ramer",not_found,none,,,,,,,,,,,0.000,no,,yes,2024-12-25,
Quiz show,Young-Ha Kim,not_found,none,,,,,,,,,,,0.000,no,,yes,2025-03-01,
Race in America,"Mustafa Emirbayer, Matthew Desmond",not_found,none,,,,,,,,,,,0.000,no,,yes,2025-08-25,
"Racial Domination, Racial Progress: The Sociology of Race in America","Mustafa Emirbayer, Matthew Desmond",not_found,none,,,,,,,,,,,0.000,no,,,2025-08-25,
Rainy Season,"José Eduardo Agualusa, Daniel Hahn",not_found,none,,,,,,,,,,,0.000,no,,yes,2026-06-20,
Rebel Lives: Photographs from Inside the Lord S Resistance Army,Kristof Titeca,not_found,none,,,,,,,,,,,0.000,no,,yes,2024-12-26,
Rebellious Riots: Entangled Geographies of Contention in Africa,"Sam Kniknie, Karen Büscher",not_found,none,,,,,,,,,,,0.000,no,,yes,2024-12-26,
"Red Sands: Reportage and Recipes Through Central Asia, from Hinterland to Heartland",Caroline Eden,not_found,none,,,,,,,,,,,0.000,no,,yes,2025-09-11,
Reflets sur un mur blanc,"Adania Shibli, عدنية شبلي",not_found,none,,,,,,,,,,,0.000,no,,yes,2025-09-08,
"Regulating Homosexuality in Soviet Russia, 1956-91: A Different History",Rustam Alexander,not_found,none,,,,,,,,,,,0.000,no,,,2024-12-25,
Remnants of a Separation: A History of the Partition through Material Memory,Aanchal Malhotra,not_found,none,,,,,,,,,,,0.000,no,,yes,2024-12-26,
Restless Empire: A Historical Atlas of Russia,Ian Barnes,not_found,none,,,,,,,,,,,0.000,no,,yes,2024-12-26,
Returns,Annie Ernaux,not_found,none,,,,,,,,,,,0.000,no,,,2024-12-24,
Rhadopis of Nubia,Naguib Mahfouz,not_found,none,,,,,,,,,,,0.000,no,,yes,2025-03-04,
Rien ne se passe comme prévu,Laurent Binet,not_found,none,,,,,,,,,,,0.000,no,,yes,2026-09-23,
Rifqa,Mohammed El-Kurd,not_found,none,,,,,,,,,,,0.000,no,,yes,2024-12-26,
River Spirit,Leila Aboulela,not_found,none,,,,,,,,,,,0.000,no,,yes,2024-12-26,
"Roman Social Relations, 50 B.C. to A.D. 284",Ramsay MacMullen,not_found,none,,,,,,,,,,,0.000,no,,,2024-12-25,
Rose nuit,Oscar Coop-Phane,not_found,none,,,,,,,,,,,0.000,no,,yes,2024-12-26,
"Run, Hide, Repeat: A Memoir of a Fugitive Childhood",Pauline Dakin,not_found,none,,,,,,,,,,,0.000,no,,yes,2024-12-26,
Running in the Family,Michael Ondaatje,not_found,none,,,,,,,,,,,0.000,no,,yes,2024-12-26,
Russia - Myths and Realities: The History of a Country with an Unpredictable Past,Rodric Braithwaite,not_found,none,,,,,,,,,,,0.000,no,,yes,2024-12-26,
Russia and the Russians: A History,Geoffrey Hosking,not_found,none,,,,,,,,,,,0.000,no,,yes,2024-12-25,
"Safe Area Goražde: The War in Eastern Bosnia, 1992-1995","Christopher Hitchens, Joe Sacco",not_found,none,,,,,,,,,,,0.000,no,,yes,2024-12-25,
Sakhalin Island,Anton Chekhov,not_found,none,,,,,,,,,,,0.000,no,,yes,2025-03-01,
Salt Houses,Hala Alyan,not_found,none,,,,,,,,,,,0.000,no,,yes,2024-12-26,
Satan in Goray,Isaac Bashevis Singer,not_found,none,,,,,,,,,,,0.000,no,,yes,2024-12-26,
Savings and Trust: The Rise and Betrayal of the Freedman's Bank,Justene Hill Edwards,not_found,none,,,,,,,,,,,0.000,no,,yes,2024-12-26,
Selected Stories,Nadine Gordimer,not_found,none,,,,,,,,,,,0.000,no,,yes,2025-11-02,
Selected Works,Marcus Tullius Cicero,not_found,none,,,,,,,,,,,0.000,no,,yes,2024-12-25,
Serve the People!,"Julia Lovell, Yan Lianke",not_found,none,,,,,,,,,,,0.000,no,,yes,2025-06-02,
Settling for Less: Why States Colonize and Why They Stop,Lachlan McNamee,not_found,none,,,,,,,,,,,0.000,no,,,2024-12-26,
Seven and a Half Lessons about the Brain,Lisa Feldman Barrett,not_found,none,,,,,,,,,,,0.000,no,,yes,2025-12-08,
"Sexuality and the Rise of China: The Post-1990s Gay Generation in Hong Kong, Taiwan, and Mainland China",Travis S. K. Kong,not_found,none,,,,,,,,,,,0.000,no,,yes,2024-12-25,
Shadows of Your Black Memory,"Michael Ugarte, Donato Ndongo",not_found,none,,,,,,,,,,,0.000,no,,yes,2024-12-25,
Shopping in Ancient Rome: The Retail Trade in the Late Republic and the Principate,Claire Holleran,not_found,none,,,,,,,,,,,0.000,no,,yes,2024-12-25,
Sinews of War and Trade: Shipping and Capitalism in the Arabian Peninsula,Laleh Khalili,not_found,none,,,,,,,,,,,0.000,no,,yes,2024-12-26,
Six Tragedies,Seneca,not_found,none,,,,,,,,,,,0.000,no,,yes,2024-12-25,
Slapstick or Lonesome No More!,Kurt Vonnegut,not_found,none,,,,,,,,,,,0.000,no,,yes,2025-07-07,
"Slave Life in Rio de Janeiro, 1808-1850",Mary C. Karasch,not_found,none,,,,,,,,,,,0.000,no,,yes,2024-12-25,
Slave State: Evidence of Apartheid in America,Curtis Ray Davis,not_found,none,,,,,,,,,,,0.000,no,,yes,2024-12-26,
Sleepless Nights,Elizabeth Hardwick,not_found,none,,,,,,,,,,,0.000,no,,yes,2026-03-23,
Slow Man,J.M. Coetzee,not_found,none,,,,,,,,,,,0.000,no,,yes,2025-07-21,
Small g: A Summer Idyll,Patricia Highsmith,not_found,none,,,,,,,,,,,0.000,no,,yes,2024-12-26,
Smile As They Bow,Nu Nu Yi,not_found,none,,,,,,,,,,,0.000,no,,yes,2024-12-26,
So Long a Letter,Mariama Bâ,not_found,none,,,,,,,,,,,0.000,no,,,2024-12-25,
So You Want to Own Greenland?: Lessons from the Vikings to Trump,Elizabeth Buchanan,not_found,none,,,,,,,,,,,0.000,no,,yes,2026-07-02,
Social Conflicts in the Roman Republic,"Peter Astbury Brunt, P. A. Brunt",not_found,none,,,,,,,,,,,0.000,no,,yes,2024-12-25,
Some Monday for Sure,Nadine Gordimer,not_found,none,,,,,,,,,,,0.000,no,,yes,2025-11-02,
Something Out There: Stories,Nadine Gordimer,not_found,none,,,,,,,,,,,0.000,no,,yes,2025-11-02,
"Soviet and Kosher: Jewish Popular Culture in the Soviet Union, 1923-1939",Anna Shternshis,not_found,none,,,,,,,,,,,0.000,no,,,2024-12-26,
Spring in Fialta,Vladimir Nabokov,not_found,none,,,,,,,,,,,0.000,no,,yes,2026-01-08,
Spring Torrents,Ivan Turgenev,not_found,none,,,,,,,,,,,0.000,no,,yes,2024-12-25,
"States, Markets, and Foreign Aid",Simone Dietrich,not_found,none,,,,,,,,,,,0.000,no,,yes,2024-12-25,
Stories of Famagusta,Dimitris Leventis,not_found,none,,,,,,,,,,,0.000,no,,yes,2024-12-25,
Stories of Your Life and Others,Ted Chiang,not_found,none,,,,,,,,,,,0.000,no,,yes,2025-12-27,
Stranger in the Village,James Baldwin,not_found,none,,,,,,,,,,,0.000,no,,yes,2024-12-26,
Strike Your Heart,Amélie Nothomb,not_found,none,,,,,,,,,,,0.000,no,,yes,2025-03-31,
Strong Opinions,Vladimir Nabokov,not_found,none,,,,,,,,,,,0.000,no,,yes,2026-01-08,
Submission,Michel Houellebecq,not_found,none,,,,,,,,,,,0.000,no,,yes,2024-12-26,
Sulphuric Acid,Amélie Nothomb,not_found,none,,,,,,,,,,,0.000,no,,yes,2025-03-31,
Summertime,J.M. Coetzee,not_found,none,,,,,,,,,,,0.000,no,,yes,2025-07-21,
Taipei People,Pai Hsien-yung 白先勇,not_found,none,,,,,,,,,,,0.000,no,,,2026-07-22,
Tales of Burning Love,Louise Erdrich,not_found,none,,,,,,,,,,,0.000,no,,,2025-09-25,
Telling Tales,Nadine Gordimer,not_found,none,,,,,,,,,,,0.000,no,,yes,2024-12-25,
Terra Incognita,Vladimir Nabokov,not_found,none,,,,,,,,,,,0.000,no,,,2026-01-08,
The Answer is No,Fredrik Backman,not_found,none,,,,,,,,,,,0.000,no,,,2025-10-27,
The Antelope Wife,Louise Erdrich,not_found,none,,,,,,,,,,,0.000,no,,yes,2025-09-25,
The Bad Girl,Mario Vargas Llosa,not_found,none,,,,,,,,,,,0.000,no,,yes,2025-11-03,
The Beach Boy,Ottessa Moshfegh,not_found,none,,,,,,,,,,,0.000,no,,yes,2026-02-11,
"The Beggar, the Thief and the Dogs, Autumn Quail",Naguib Mahfouz,not_found,none,,,,,,,,,,,0.000,no,,yes,2025-03-04,
The Bingo Palace,Louise Erdrich,not_found,none,,,,,,,,,,,0.000,no,,yes,2025-09-25,
The Black Cross: A History of the Baltic Crusades,Aleksander Pluskowski,not_found,none,,,,,,,,,,,0.000,no,,yes,2026-05-06,
The Blinded City: Ten Years In Inner-City Johannesburg,Matthew Wilhelm-Solomon,not_found,none,,,,,,,,,,,0.000,no,,yes,2024-12-26,
The Blue Jay's Dance,Louise Erdrich,not_found,none,,,,,,,,,,,0.000,no,,,2025-09-25,
The Body Where I Was Born,Guadalupe Nettel,not_found,none,,,,,,,,,,,0.000,no,,,2026-05-05,
The Book of Disappearance,Ibtisam Azem,not_found,none,,,,,,,,,,,0.000,no,,yes,2025-03-29,
"The Border: A Journey Around Russia Through North Korea, China, Mongolia, Kazakhstan, Azerbaijan, Georgia, Ukraine, Belarus, Lithuania, Poland, Latvia, Estonia, Finland, Norway, and the Northeast Passage",Erika Fatland,not_found,none,,,,,,,,,,,0.000,no,,,2024-12-26,
The Bridegroom,Nadine Gordimer,not_found,none,,,,,,,,,,,0.000,no,,yes,2025-11-02,
The Broken Wings,"جبران خليل جبران, Anthony Rizcallah Ferris, Kahlil Gibran",not_found,none,,,,,,,,,,,0.000,no,,yes,2024-12-25,
The Character of Rain,Amélie Nothomb,not_found,none,,,,,,,,,,,0.000,no,,yes,2025-03-31,
The Chibok Girls: The Boko Haram Kidnappings and Islamist Militancy in Nigeria,Helon Habila,not_found,none,,,,,,,,,,,0.000,no,,yes,2025-08-13,
The Cobra's Heart,Ryszard Kapuściński,not_found,none,,,,,,,,,,,0.000,no,,yes,2024-12-24,
The Coffeehouse,Naguib Mahfouz,not_found,none,,,,,,,,,,,0.000,no,,yes,2025-03-04,
The Collected Poems,Sylvia Plath,not_found,none,,,,,,,,,,,0.000,no,,,2025-03-03,
The Collected Stories of Isaac Bashevis Singer,Isaac Bashevis Singer,not_found,none,,,,,,,,,,,0.000,no,,yes,2024-12-26,
The Colossus: And Other Poems,Sylvia Plath,not_found,none,,,,,,,,,,,0.000,no,,yes,2025-03-03,
The Colour of Water,Angela Green,not_found,none,,,,,,,,,,,0.000,no,,yes,2024-12-25,
The Communist of Montmartre,Michael Kleeberg,not_found,none,,,,,,,,,,,0.000,no,,yes,2026-08-31,
The Company: The Rise and Fall of the Hudson's Bay Empire,Stephen R. Bown,not_found,none,,,,,,,,,,,0.000,no,,,2025-08-16,
The Complete Short Novels,Anton Chekhov,not_found,none,,,,,,,,,,,0.000,no,,yes,2024-12-25,
The Courilof Affair,Irène Némirovsky,not_found,none,,,,,,,,,,,0.000,no,,,2024-12-24,
The Culture Transplant: How Migrants Make the Economies They Move To a Lot Like the Ones They Left,Garett Jones,not_found,none,,,,,,,,,,,0.000,no,,yes,2024-12-26,
The Curious History of Weights &amp; Measures,Claire Cock-Starkey,not_found,none,,,,,,,,,,,0.000,no,,yes,2024-12-26,
The Dark Side of Skin,Jeferson Tenório,not_found,none,,,,,,,,,,,0.000,no,,yes,2025-04-30,
The Day the Leader Was Killed,Naguib Mahfouz,not_found,none,,,,,,,,,,,0.000,no,,yes,2024-12-24,
The Day the Sun Died,Yan Lianke,not_found,none,,,,,,,,,,,0.000,no,,,2025-06-02,
The Death of Comrade President,Alain Mabanckou,not_found,none,,,,,,,,,,,0.000,no,,yes,2025-06-05,
The Diary of Dukesang Wong: A Voice from Gold Mountain,Dukesang Wong,not_found,none,,,,,,,,,,,0.000,no,,,2025-08-20,
"The Divine Economy: How Religions Compete for Wealth, Power, and People",Paul Seabright,not_found,none,,,,,,,,,,,0.000,no,,yes,2024-12-26,
The Dogs and the Wolves,Irène Némirovsky,not_found,none,,,,,,,,,,,0.000,no,,yes,2024-12-24,
"The Donkey and the Boat: Reinterpreting the Mediterranean Economy, 950-1180",Chris Wickham,not_found,none,,,,,,,,,,,0.000,no,,yes,2024-12-26,
The Dream Life of Sukhanov,Olga Grushin,not_found,none,,,,,,,,,,,0.000,no,,yes,2024-12-26,
The Dreams,Naguib Mahfouz,not_found,none,,,,,,,,,,,0.000,no,,yes,2025-03-04,
The Economic Government of the World: 1933-2023,Martin Daunton,not_found,none,,,,,,,,,,,0.000,no,,yes,2024-12-26,
The Edges,Angelo Tijssens,not_found,none,,,,,,,,,,,0.000,no,,yes,2026-04-27,
The Eight Mountains,Paolo Cognetti,not_found,none,,,,,,,,,,,0.000,no,,,2025-08-27,
The Elephant Whisperer,Lawrence Anthony,not_found,none,,,,,,,,,,,0.000,no,,yes,2025-02-24,
The Enchanter,Vladimir Nabokov,not_found,none,,,,,,,,,,,0.000,no,,,2026-01-08,
The End of Eddy,Édouard Louis,not_found,none,,,,,,,,,,,0.000,no,,yes,2024-12-25,
The English Patient,Michael Ondaatje,not_found,none,,,,,,,,,,,0.000,no,,yes,2024-12-26,
The Eye,Vladimir Nabokov,not_found,none,,,,,,,,,,,0.000,no,,yes,2026-01-08,
The Face of Another,Kōbō Abe,not_found,none,,,,,,,,,,,0.000,no,,yes,2025-01-17,
The Fall of Language in the Age of English,Minae Mizumura,not_found,none,,,,,,,,,,,0.000,no,,yes,2024-12-26,
"The Fall of the Turkish Model: Liberalism, Neoliberalism, and the Left in the Wake of the Arab Spring",Cihan Tuğal,not_found,none,,,,,,,,,,,0.000,no,,yes,2024-12-26,
The Final Hour,Naguib Mahfouz,not_found,none,,,,,,,,,,,0.000,no,,yes,2025-03-04,
"The First New Chronicle and Good Government, Abridged",Felipe Guaman Poma de Ayala,not_found,none,,,,,,,,,,,0.000,no,,yes,2024-12-25,
The Fixer: A Story from Sarajevo,Joe Sacco,not_found,none,,,,,,,,,,,0.000,no,,yes,2024-12-25,
The Force of Destiny: A History of Italy Since 1796,Christopher Duggan,not_found,none,,,,,,,,,,,0.000,no,,,2024-12-26,
The Forester's Daughter,Claire Keegan,not_found,none,,,,,,,,,,,0.000,no,,yes,2025-10-30,
The Four Books,Yan Lianke,not_found,none,,,,,,,,,,,0.000,no,,yes,2025-06-02,
The Fruit of My Woman,Han Kang,not_found,none,,,,,,,,,,,0.000,no,,yes,2024-12-24,
The Garden of Evening Mists,Tan Twan Eng,not_found,none,,,,,,,,,,,0.000,no,,,2026-01-12,
The Gift,Vladimir Nabokov,not_found,none,,,,,,,,,,,0.000,no,,yes,2024-12-24,
The Global Transformation of Time: 1870-1950,Vanessa Ogle,not_found,none,,,,,,,,,,,0.000,no,,,2024-12-26,
The Great Chimera,"M. Karagatsis, Panagiotis Stavropoulos, Patricia Felisa Barbeito",not_found,none,,,,,,,,,,,0.000,no,,yes,2025-04-28,
The Happy Marriage,Tahar Ben Jelloun,not_found,none,,,,,,,,,,,0.000,no,,yes,2024-12-26,
The Highest Exam: How the Gaokao Shapes China,"Claire Cousineau, Hongbin Li, Ruixue Jia",not_found,none,,,,,,,,,,,0.000,no,,yes,2025-10-03,
"The Holocaust, the French, and the Jews",Susan Zuccotti,not_found,none,,,,,,,,,,,0.000,no,,yes,2024-12-25,
The Hunger Angel,Herta Müller,not_found,none,,,,,,,,,,,0.000,no,,yes,2025-01-06,
The Intimacies of Four Continents,Lisa Lowe,not_found,none,,,,,,,,,,,0.000,no,,yes,2024-12-26,
The Invention of Morel,Adolfo Bioy Casares,not_found,none,,,,,,,,,,,0.000,no,,yes,2026-05-04,
The Jewish Book of Why,Alfred J. Kolatch,not_found,none,,,,,,,,,,,0.000,no,,,2024-12-25,
"The Jews Should Keep Quiet: Franklin D. Roosevelt, Rabbi Stephen S. Wise, and the Holocaust",Rafael Medoff,not_found,none,,,,,,,,,,,0.000,no,,,2024-12-25,
The Land of Green Plums,Herta Müller,not_found,none,,,,,,,,,,,0.000,no,,yes,2025-01-06,
The Last Days of the Ottoman Empire,Ryan Gingeras,not_found,none,,,,,,,,,,,0.000,no,,yes,2024-12-26,
The Last Emperor of Mexico: The Dramatic Story of the Habsburg Archduke Who Created a Kingdom in the New World,Edward Shawcross,not_found,none,,,,,,,,,,,0.000,no,,,2024-12-25,
"The Last Man by Mary Wollstonecraft Shelley, Fiction, Classics",Mary Shelley,not_found,none,,,,,,,,,,,0.000,no,,yes,2026-06-22,
The Late Bourgeois World,Nadine Gordimer,not_found,none,,,,,,,,,,,0.000,no,,,2025-11-02,
The Library of Babel,Jorge Luis Borges,not_found,none,,,,,,,,,,,0.000,no,,yes,2026-08-02,
The Lights of Pointe-Noire,Alain Mabanckou,not_found,none,,,,,,,,,,,0.000,no,,yes,2025-06-05,
The Lives of Animals,J.M. Coetzee,not_found,none,,,,,,,,,,,0.000,no,,yes,2025-07-21,
The Living and the Rest,José Eduardo Agualusa,not_found,none,,,,,,,,,,,0.000,no,,yes,2026-06-20,
"The Long Shadow of German Colonialism: Amnesia, Denialism and Revisionism",Henning Melber,not_found,none,,,,,,,,,,,0.000,no,,yes,2024-12-26,
The Loss of Hindustan: The Invention of India,Manan Ahmed Asif,not_found,none,,,,,,,,,,,0.000,no,,yes,2024-12-26,
The Lost Soul,Olga Tokarczuk,not_found,none,,,,,,,,,,,0.000,no,,yes,2024-12-24,
The Lumumba Generation: African Bourgeoisie and Colonial Distinction in the Belgian Congo,Daniel Tödt,not_found,none,,,,,,,,,,,0.000,no,,yes,2024-12-25,
The Luzhin Defense,Vladimir Nabokov,not_found,none,,,,,,,,,,,0.000,no,,,2026-01-08,
The Mad,Ignatius Tirivangani Mabasa,not_found,none,,,,,,,,,,,0.000,no,,,2025-09-03,
The Magician of Lublin,Isaac Bashevis Singer,not_found,none,,,,,,,,,,,0.000,no,,yes,2024-12-26,
The Making of the Modern Philippines: Pieces of a Jigsaw State,Philip Bowring,not_found,none,,,,,,,,,,,0.000,no,,yes,2024-12-26,
The Martian,Andy Weir,not_found,none,,,,,,,,,,,0.000,no,,yes,2025-09-24,
The Master of Petersburg,J.M. Coetzee,not_found,none,,,,,,,,,,,0.000,no,,yes,2025-12-08,
The Memoir of an Anti-Hero,Kornel Filipowicz,not_found,none,,,,,,,,,,,0.000,no,,,2024-12-26,
The Memory Museum,M. Lin,not_found,none,,,,,,,,,,,0.000,no,,yes,2026-08-21,
The Misery Merchants: Life and Death in a Private South African Prison,Ruth Hopkins,not_found,none,,,,,,,,,,,0.000,no,,yes,2024-12-26,
The Morning Star,Karl Ove Knausgård,not_found,none,,,,,,,,,,,0.000,no,,,2024-12-25,
The Museum of Other People: From Colonial Acquisitions to Cosmopolitan Exhibitions,Adam Kuper,not_found,none,,,,,,,,,,,0.000,no,,,2024-12-25,
The Mustache,Guy de Maupassant,not_found,none,,,,,,,,,,,0.000,no,,,2024-12-26,
The New Jim Crow: Mass Incarceration in the Age of Colorblindness,Michelle Alexander,not_found,none,,,,,,,,,,,0.000,no,,yes,2026-06-28,
The New Roman Empire: A History of Byzantium,Anthony Kaldellis,not_found,none,,,,,,,,,,,0.000,no,,yes,2024-12-26,
The Night Will Be Long,Santiago Gamboa,not_found,none,,,,,,,,,,,0.000,no,,yes,2024-12-26,
The Origins of Political Order: From Prehuman Times to the French Revolution,Francis Fukuyama,not_found,none,,,,,,,,,,,0.000,no,,,2025-02-17,
The Other Slavery: The Uncovered Story of Indian Enslavement in America,Andrés Reséndez,not_found,none,,,,,,,,,,,0.000,no,,yes,2024-12-26,
The Painted Drum,Louise Erdrich,not_found,none,,,,,,,,,,,0.000,no,,yes,2025-09-25,
The Passion According to G.H.,Clarice Lispector,not_found,none,,,,,,,,,,,0.000,no,,,2024-12-26,
The Passport,Herta Müller,not_found,none,,,,,,,,,,,0.000,no,,,2025-01-06,
The Passport: The History of Man's Most Travelled Document,Martin Lloyd,not_found,none,,,,,,,,,,,0.000,no,,,2024-12-26,
The People of Paper,Salvador Plascencia,not_found,none,,,,,,,,,,,0.000,no,,yes,2025-10-28,
The Pickup,Nadine Gordimer,not_found,none,,,,,,,,,,,0.000,no,,yes,2024-12-25,
The Poet and the Man,"Maxamed Ibraahin Warsame ""Hadraawi""",not_found,none,,,,,,,,,,,0.000,no,,yes,2024-12-26,
The Poet Assassinated,Guillaume Apollinaire,not_found,none,,,,,,,,,,,0.000,no,,yes,2024-12-26,
The Poisonwood Bible,Barbara Kingsolver,not_found,none,,,,,,,,,,,0.000,no,,yes,2025-07-22,
The Politics of Heroin: CIA Complicity in the Global Drug Trade,Alfred W. McCoy,not_found,none,,,,,,,,,,,0.000,no,,yes,2024-12-25,
The Porcupine Year,Louise Erdrich,not_found,none,,,,,,,,,,,0.000,no,,yes,2025-09-25,
The Poverty of Nations: A Sustainable Solution,"Barry Asmus, Wayne A. Grudem",not_found,none,,,,,,,,,,,0.000,no,,yes,2024-12-25,
The President's Room,Ricardo Romero,not_found,none,,,,,,,,,,,0.000,no,,yes,2024-12-25,
"The Professor and the Madman: A Tale of Murder, Insanity, and the Making of the Oxford English Dictionary",Simon Winchester,not_found,none,,,,,,,,,,,0.000,no,,,2024-12-26,
The Purchase of the Danish West Indies,Charles Callan Tansill,not_found,none,,,,,,,,,,,0.000,no,,,2025-02-02,
The Puzzle of Prison Order: Why Life Behind Bars Varies Around the World,David Skarbek,not_found,none,,,,,,,,,,,0.000,no,,,2024-12-24,
The Quarter,Naguib Mahfouz,not_found,none,,,,,,,,,,,0.000,no,,yes,2024-12-24,
The Real Life of Sebastian Knight,Vladimir Nabokov,not_found,none,,,,,,,,,,,0.000,no,,yes,2026-01-08,
"The Red Convertible: Selected and New Stories, 1978-2008",Louise Erdrich,not_found,none,,,,,,,,,,,0.000,no,,yes,2025-09-25,
The Retrospective,A.B. Yehoshua,not_found,none,,,,,,,,,,,0.000,no,,yes,2024-12-26,
The Rings of Saturn,W.G. Sebald,not_found,none,,,,,,,,,,,0.000,no,,,2024-12-24,
The Ruins Of Empires,Akala,not_found,none,,,,,,,,,,,0.000,no,,yes,2024-12-29,
The Satanic Verses,Salman Rushdie,not_found,none,,,,,,,,,,,0.000,no,,yes,2024-12-24,
The Seventh Function of Language,Laurent Binet,not_found,none,,,,,,,,,,,0.000,no,,yes,2026-09-23,
The Seventh Heaven: Stories of the Supernatural,Naguib Mahfouz,not_found,none,,,,,,,,,,,0.000,no,,,2025-03-04,
The Siege,Ismail Kadare,not_found,none,,,,,,,,,,,0.000,no,,yes,2024-12-26,
The Siege,Helen Dunmore,not_found,none,,,,,,,,,,,0.000,no,,,2024-12-26,
The Slave,Isaac Bashevis Singer,not_found,none,,,,,,,,,,,0.000,no,,yes,2024-12-26,
The Society of Reluctant Dreamers,José Eduardo Agualusa,not_found,none,,,,,,,,,,,0.000,no,,yes,2026-06-20,
"The Sociology of Slavery: Black Society in Jamaica, 1655-1838",Orlando Patterson,not_found,none,,,,,,,,,,,0.000,no,,yes,2024-12-26,
The Sorrow of Belgium,Hugo Claus,not_found,none,,,,,,,,,,,0.000,no,,,2026-07-07,
The Soul of the Stranger: Reading God and Torah from a Transgender Perspective,Joy Ladin,not_found,none,,,,,,,,,,,0.000,no,,yes,2024-12-25,
The Spirit Level: Why More Equal Societies Almost Always Do Better,"Kate E. Pickett, Richard G. Wilkinson",not_found,none,,,,,,,,,,,0.000,no,,yes,2024-12-26,
The Star Rover,Jack London,not_found,none,,,,,,,,,,,0.000,no,,,2025-03-24,
The Story of Jane: The Legendary Underground Feminist Abortion Service,Laura Kaplan,not_found,none,,,,,,,,,,,0.000,no,,,2025-09-21,
The Stranger,Max Frei,not_found,none,,,,,,,,,,,0.000,no,,yes,2025-08-28,
The Stranger's Magic,"Max Frei, Ast A. Moore, Polly Gannon",not_found,none,,,,,,,,,,,0.000,no,,yes,2025-08-28,
The Stranger's Woes (The Labyrinths of Echo Book 2),Max Frei,not_found,none,,,,,,,,,,,0.000,no,,yes,2025-08-28,
The Street of Crocodiles,Bruno Schulz,not_found,none,,,,,,,,,,,0.000,no,,,2024-12-26,
The Syrian Ladies Benevolent Society,Christine Estima,not_found,none,,,,,,,,,,,0.000,no,,yes,2024-12-26,
The tattooed desert (Pitt poetry series),Richard Shelton,not_found,none,,,,,,,,,,,0.000,no,,yes,2025-07-07,
The Tears of the Black Man,Alain Mabanckou,not_found,none,,,,,,,,,,,0.000,no,,yes,2025-06-05,
The Temptation to Exist,"E.M. Cioran, Susan Sontag, Richard Howard",not_found,none,,,,,,,,,,,0.000,no,,yes,2024-12-26,
The Thief and the Dogs,Naguib Mahfouz,not_found,none,,,,,,,,,,,0.000,no,,,2024-12-24,
The Tin Drum,Günter Grass,not_found,none,,,,,,,,,,,0.000,no,,yes,2024-12-24,
The Tragedy of Mr. Morn,Vladimir Nabokov,not_found,none,,,,,,,,,,,0.000,no,,yes,2026-01-08,
The Trouble with Being Born,E.M. Cioran,not_found,none,,,,,,,,,,,0.000,no,,yes,2024-12-26,
The Two-Parent Privilege: How Americans Stopped Getting Married and Started Falling Behind,Melissa S. Kearney,not_found,none,,,,,,,,,,,0.000,no,,,2024-12-26,
The Ultimate Safari,Nadine Gordimer,not_found,none,,,,,,,,,,,0.000,no,,,2025-11-02,
The Unfolding of Language: An Evolutionary Tour of Mankind's Greatest Invention,Guy Deutscher,not_found,none,,,,,,,,,,,0.000,no,,yes,2024-12-26,
The Waltz Invention,Vladimir Nabokov,not_found,none,,,,,,,,,,,0.000,no,,yes,2026-01-08,
The WEIRDest People in the World: How the West Became Psychologically Peculiar and Particularly Prosperous,Joseph Henrich,not_found,none,,,,,,,,,,,0.000,no,,,2024-12-25,
The Wine of Solitude,Irène Némirovsky,not_found,none,,,,,,,,,,,0.000,no,,yes,2024-12-24,
"The Worldly Philosophers: The Lives, Times, and Ideas of the Great Economic Thinkers",Robert L. Heilbroner,not_found,none,,,,,,,,,,,0.000,no,,,2024-12-26,
This House Is Not for Sale,E.C. Osondu,not_found,none,,,,,,,,,,,0.000,no,,,2025-10-07,
Three Brothers: Memories of My Family,Yan Lianke,not_found,none,,,,,,,,,,,0.000,no,,,2025-06-02,
Three Days in That Autumn,"Park Wan-Suh, Park Wan-Suh",not_found,none,,,,,,,,,,,0.000,no,,yes,2025-03-22,
Tomorrow I'll Be Twenty,Alain Mabanckou,not_found,none,,,,,,,,,,,0.000,no,,,2025-06-05,
Torah Queeries: Weekly Commentaries on the Hebrew Bible,"Gregg Drinkwater, Joshua Lesser, David Shneer, Judith Plaskow",not_found,none,,,,,,,,,,,0.000,no,,yes,2024-12-25,
Touch,Adania Shibli,not_found,none,,,,,,,,,,,0.000,no,,yes,2025-09-08,
Trade Makes States: Governing the Greater Somali Economy,"Tobias Hagmann, Finn Stepputat",not_found,none,,,,,,,,,,,0.000,no,,yes,2024-12-25,
Tram 83,Fiston Mwanza Mujila,not_found,none,,,,,,,,,,,0.000,no,,yes,2024-12-25,
Traveling on One Leg,Herta Müller,not_found,none,,,,,,,,,,,0.000,no,,yes,2025-01-06,
Travellers,Helon Habila,not_found,none,,,,,,,,,,,0.000,no,,yes,2025-08-13,
Tribes and Politics in Yemen: A History of the Houthi Conflict,Marieke Brandt,not_found,none,,,,,,,,,,,0.000,no,,yes,2024-12-25,
Trieste,Daša Drndić,not_found,none,,,,,,,,,,,0.000,no,,yes,2024-12-25,
Tweakerworld: A Memoir,"Jason Yamas, Jason Yamas",not_found,none,,,,,,,,,,,0.000,no,,,2024-12-26,
Twenty Years in Siberia,Anița Nandriș-Cudla,not_found,none,,,,,,,,,,,0.000,no,,yes,2024-12-26,
Two She-Bears,Meir Shalev,not_found,none,,,,,,,,,,,0.000,no,,yes,2024-12-25,
"Tyrants Destroyed, And Other Stories",Vladimir Nabokov,not_found,none,,,,,,,,,,,0.000,no,,yes,2026-01-08,
Understanding Ethiopia's Tigray War,"Sarah Vaughan, Martin Plaut",not_found,none,,,,,,,,,,,0.000,no,,,2024-12-26,
Undesirables: A Holocaust Journey to North Africa,Aomar Boum,not_found,none,,,,,,,,,,,0.000,no,,,2024-12-26,
Une Tempete/ Aime Cesaire,"Aimé Césaire, Aimé Césaire",not_found,none,,,,,,,,,,,0.000,no,,yes,2024-12-26,
Une Vie De Boy,"Ferdinand Oyono, Ferdinand Oyono",not_found,none,,,,,,,,,,,0.000,no,,,2024-12-26,
Unread Messages,Sally Rooney,not_found,none,,,,,,,,,,,0.000,no,,yes,2025-09-27,
Unrecounted,W.G. Sebald,not_found,none,,,,,,,,,,,0.000,no,,yes,2024-12-24,
Venice and the Mongols: The Eurasian Exchange That Transformed the Medieval World,Nicola Di Cosmo,not_found,none,,,,,,,,,,,0.000,no,,yes,2026-04-15,
Virtuous Bankers: A Day in the Life of the Eighteenth-Century Bank of England,Anne Murphy,not_found,none,,,,,,,,,,,0.000,no,,yes,2024-12-25,
Vivre nu,Margaux Cassan,not_found,none,,,,,,,,,,,0.000,no,,yes,2024-12-26,
Voting Day,Clare O'Dea,not_found,none,,,,,,,,,,,0.000,no,,yes,2024-12-26,
"W, or the Memory of Childhood",Georges Perec,not_found,none,,,,,,,,,,,0.000,no,,yes,2024-12-26,
Waiting for the Barbarians,J.M. Coetzee,not_found,none,,,,,,,,,,,0.000,no,,yes,2024-12-26,
War by Other Means: Geoeconomics and Statecraft,"Jennifer M. Harris, Robert D. Blackwill",not_found,none,,,,,,,,,,,0.000,no,,yes,2024-12-25,
Waste and the City: The Crisis of Sanitation and the Right to Citylife,Colin McFarlane,not_found,none,,,,,,,,,,,0.000,no,,yes,2024-12-26,
Ways of Going Home,Alejandro Zambra,not_found,none,,,,,,,,,,,0.000,no,,yes,2025-03-11,
We Are All Equally Far from Love,Adania Shibli,not_found,none,,,,,,,,,,,0.000,no,,,2025-09-08,
We Are Here: Memories of the Lithuanian Holocaust,Ellen Cassedy,not_found,none,,,,,,,,,,,0.000,no,,,2024-12-25,
We Slaves of Suriname,Anton de Kom,not_found,none,,,,,,,,,,,0.000,no,,,2024-12-26,
Welfare for Markets: A Global History of Basic Income,"Daniel Zamora Vargas, Anton Jäger",not_found,none,,,,,,,,,,,0.000,no,,yes,2024-12-26,
Whale,Cheon Myeong-kwan,not_found,none,,,,,,,,,,,0.000,no,,yes,2025-10-13,
What I Loved,Siri Hustvedt,not_found,none,,,,,,,,,,,0.000,no,,,2024-12-26,
What the Day Owes the Night,Yasmina Khadra,not_found,none,,,,,,,,,,,0.000,no,,yes,2025-01-04,
WhatsApp and Everyday Life in West Africa: Beyond Fake News,"Idayat Hassan, Jamie Hitchen",not_found,none,,,,,,,,,,,0.000,no,,yes,2024-12-26,
"When Cooking Was A Crime: Masak In The Singapore Prisons, 1970s-1980s",Sheere Ng,not_found,none,,,,,,,,,,,0.000,no,,yes,2024-12-26,
When Forests Run Amok: War and Its Afterlives in Indigenous and Afro-Colombian Territories,Daniel Ruiz-Serna,not_found,none,,,,,,,,,,,0.000,no,,,2024-12-25,
"When I Sing, Mountains Dance",Irene Solà,not_found,none,,,,,,,,,,,0.000,no,,yes,2025-04-14,
When My Name Was Keoko,Linda Sue Park,not_found,none,,,,,,,,,,,0.000,no,,yes,2024-12-26,
When the Moon Hits Your Eye,John Scalzi,not_found,none,,,,,,,,,,,0.000,no,,yes,2025-06-02,
When Work Disappears: The World of the New Urban Poor,William Julius Wilson,not_found,none,,,,,,,,,,,0.000,no,,,2024-12-26,
Whitemud Walking,Matthew James Weigel,not_found,none,,,,,,,,,,,0.000,no,,yes,2024-12-26,
Why Haven't You Written?: Selected Stories 1950-1972,Nadine Gordimer,not_found,none,,,,,,,,,,,0.000,no,,yes,2025-11-02,
Winter Trees,Sylvia Plath,not_found,none,,,,,,,,,,,0.000,no,,yes,2025-03-03,
Womb City,Tlotlo Tsamaase,not_found,none,,,,,,,,,,,0.000,no,,,2024-12-26,
Woodworm,Layla Martínez,not_found,none,,,,,,,,,,,0.000,no,,,2026-03-16,
"Word Freak: Heartbreak, Triumph, Genius, and Obsession in the World of Competitive Scrabble Players",Stefan Fatsis,not_found,none,,,,,,,,,,,0.000,no,,,2024-12-26,
Word Is Out: Stories of Some of Our Lives,"Nancy Adair, Casey Adair",not_found,none,,,,,,,,,,,0.000,no,,yes,2024-12-25,
Word Origins ... and How We Know Them: Etymology for Everyone,Anatoly Liberman,not_found,none,,,,,,,,,,,0.000,no,,yes,2024-12-26,
Working Girl: On Selling Art and Selling Sex,Sophia Giovannitti,not_found,none,,,,,,,,,,,0.000,no,,yes,2024-12-26,
Wrestling with God and Men: Homosexuality in the Jewish Tradition,Steven Greenberg,not_found,none,,,,,,,,,,,0.000,no,,,2024-12-25,
Written as I Remember It: Teachings (Ɂɘms taɁaw) from the Life of a Sliammon Elder,"Paige Raibmon, Elsie Paul, Elsie Paul, Harmony Johnson",not_found,none,,,,,,,,,,,0.000,no,,yes,2024-12-25,
Yentl the Yeshiva Boy,Isaac Bashevis Singer,not_found,none,,,,,,,,,,,0.000,no,,yes,2024-12-26,
Your Republic Is Calling You,Young-Ha Kim,not_found,none,,,,,,,,,,,0.000,no,,yes,2025-03-01,
Youth,J.M. Coetzee,not_found,none,,,,,,,,,,,0.000,no,,,2025-07-21,
Zone,Mathias Énard,not_found,none,,,,,,,,,,,0.000,no,,yes,2025-04-07,
Zone: Selected Poems,Guillaume Apollinaire,not_found,none,,,,,,,,,,,0.000,no,,yes,2024-12-26,
Zoo Station: The Story of Christiane F.,Christiane F.,not_found,none,,,,,,,,,,,0.000,no,,,2024-12-25,
회복하는 인간 = Convalescence,"Han Kang, 전숭희, 한강",not_found,none,,,,,,,,,,,0.000,no,,yes,2025-02-05,
